"–°—Ç—Ä–∞–Ω–∞","–ù–∞–∑–≤–∞–Ω–∏–µ","–¢–∏–∫–µ—Ä","–†–∞–∑–±–æ—Ä","–ò–Ω–≤–µ—Å—Ç.–∏–¥–µ—è","–ù–æ–≤–∏–Ω–∫–∞","–î–∞—Ç–∞","–î–∞—Ç–∞.–∏–¥–µ–∏","–î–∞—Ç–∞.–Ω–æ–≤–∏–Ω–∫–∏","–°–µ–∫—Ç–æ—Ä","–ò–Ω–¥—É—Å—Ç—Ä–∏—è","–û—Ü–µ–Ω–∫–∞"
"üáßüá∑ –ë—Ä–∞–∑–∏–ª–∏—è","Vale S.A.","VALE","https://t.me/usamarke1/1936",NA,NA,2021-03-18,NA,NA,"–ë–∞–∑–æ–≤—ã–µ –º–∞—Ç–µ—Ä–∏–∞–ª—ã","–î—Ä—É–≥–∏–µ –ø—Ä–æ–º—ã—à–ª–µ–Ω–Ω—ã–µ –º–µ—Ç–∞–ª–ª—ã –∏ –≥–æ—Ä–Ω–æ–¥–æ–±—ã–≤–∞—é—â–∞—è –ø—Ä–æ–º—ã—à–ª–µ–Ω–Ω–æ—Å—Ç—å","2"
"üáßüá∑ –ë—Ä–∞–∑–∏–ª–∏—è","PagSeguro","PAGS","https://t.me/usamarke1/1505","https://t.me/usamarke1/1954",NA,2020-12-04,2021-03-23,NA,"–§–∏–Ω–∞–Ω—Å–æ–≤—ã–π","–ü—Ä–æ–≥—Ä–∞–º–º–Ω–æ–µ –æ–±–µ—Å–ø–µ—á–µ–Ω–∏–µ - –∏–Ω—Ñ—Ä–∞—Å—Ç—Ä—É–∫—Ç—É—Ä–∞","4"
"üáßüá∑ –ë—Ä–∞–∑–∏–ª–∏—è","XP","XP","https://t.me/usamarke1/2244",NA,NA,2021-05-27,NA,NA,"–§–∏–Ω–∞–Ω—Å–æ–≤—ã–π","–†—ã–Ω–∫–∏ –∫–∞–ø–∏—Ç–∞–ª–∞","4"
"üá¨üáß –í–µ–ª–∏–∫–æ–±—Ä–∏—Ç–∞–Ω–∏—è","Linde","LIN","https://t.me/usamarke1/2694",NA,NA,2021-09-02,NA,NA,"–ë–∞–∑–æ–≤—ã–µ –º–∞—Ç–µ—Ä–∏–∞–ª—ã","–°–ø–µ—Ü–∏–∞–ª–∏–∑–∏—Ä–æ–≤–∞–Ω–Ω–∞—è —Ö–∏–º–∏—è","4"
"üá¨üáß –í–µ–ª–∏–∫–æ–±—Ä–∏—Ç–∞–Ω–∏—è","Farfetch","FTCH","https://t.me/usamarke1/1810",NA,NA,2021-02-17,NA,NA,"–¶–∏–∫–ª–∏—á–µ—Å–∫–∏–π –ø–æ—Ç—Ä–µ–±–∏—Ç–µ–ª—å—Å–∫–∏–π —Å–µ–∫—Ç–æ—Ä","–†–æ–∑–Ω–∏—á–Ω–∞—è —Ç–æ—Ä–≥–æ–≤–ª—è —á–µ—Ä–µ–∑ –ò–Ω—Ç–µ—Ä–Ω–µ—Ç","4"
"üá©üá™ –ì–µ—Ä–º–∞–Ω–∏—è","Bayer","BAYN","https://t.me/usamarke1/1358",NA,NA,2020-11-04,NA,NA,"–ó–¥—Ä–∞–≤–æ–æ—Ö—Ä–∞–Ω–µ–Ω–∏–µ","–ü—Ä–æ–∏–∑–≤–æ–¥–∏—Ç–µ–ª–∏ –ª–µ–∫–∞—Ä—Å—Ç–≤ - –æ–±—â–∏–µ","2"
"üá©üá™ –ì–µ—Ä–º–∞–Ω–∏—è","SAP","SAP","https://t.me/usamarke1/2384",NA,NA,2021-06-29,NA,NA,"–¢–µ—Ö–Ω–æ–ª–æ–≥–∏–∏","–ü—Ä–æ–≥—Ä–∞–º–º–Ω–æ–µ –æ–±–µ—Å–ø–µ—á–µ–Ω–∏–µ - –ø—Ä–∏–ª–æ–∂–µ–Ω–∏—è","3"
"üá©üá™ –ì–µ—Ä–º–∞–Ω–∏—è","Puma","PUM","https://t.me/usamarke1/2139",NA,NA,2021-05-04,NA,NA,"–¶–∏–∫–ª–∏—á–µ—Å–∫–∏–π –ø–æ—Ç—Ä–µ–±–∏—Ç–µ–ª—å—Å–∫–∏–π —Å–µ–∫—Ç–æ—Ä","–û–±—É–≤—å –∏ –∞–∫—Å–µ—Å—Å—É–∞—Ä—ã","4"
"üá©üá™ –ì–µ—Ä–º–∞–Ω–∏—è","Evotec SE","EVT","https://t.me/usamarke1/2207",NA,NA,2021-05-19,NA,NA,"–ó–¥—Ä–∞–≤–æ–æ—Ö—Ä–∞–Ω–µ–Ω–∏–µ","–ó–∞–∫—Ä—ã—Ç—ã–µ —Ñ–æ–Ω–¥—ã - –ê–∫—Ü–∏–∏","3"
"üá©üá™ –ì–µ—Ä–º–∞–Ω–∏—è","Delivery Hero","DHER","https://t.me/usamarke1/2793",NA,NA,2021-09-23,NA,NA,"–¢–µ—Ö–Ω–æ–ª–æ–≥–∏–∏","–ü—Ä–æ–≥—Ä–∞–º–º–Ω–æ–µ –æ–±–µ—Å–ø–µ—á–µ–Ω–∏–µ - –ø—Ä–∏–ª–æ–∂–µ–Ω–∏—è","4"
"üá©üá™ –ì–µ—Ä–º–∞–Ω–∏—è","Merck KGaA","MRK@DE","https://t.me/usamarke1/2656",NA,NA,2021-08-25,NA,NA,"–ó–¥—Ä–∞–≤–æ–æ—Ö—Ä–∞–Ω–µ–Ω–∏–µ","–ú–µ–¥–∏—Ü–∏–Ω—Å–∫–∏–µ –ø—Ä–∏–±–æ—Ä—ã","4"
"üá©üá™ –ì–µ—Ä–º–∞–Ω–∏—è","BMW","BMWG","https://t.me/usamarke1/1145",NA,NA,2020-09-18,NA,NA,"–¶–∏–∫–ª–∏—á–µ—Å–∫–∏–π –ø–æ—Ç—Ä–µ–±–∏—Ç–µ–ª—å—Å–∫–∏–π —Å–µ–∫—Ç–æ—Ä","–ê–≤—Ç–æ–ø—Ä–æ–∏–∑–≤–æ–¥–∏—Ç–µ–ª–∏","3"
"üá©üá™ –ì–µ—Ä–º–∞–Ω–∏—è","Infineon Technologies","IFX","https://t.me/usamarke1/1197",NA,NA,2020-10-02,NA,NA,"–¢–µ—Ö–Ω–æ–ª–æ–≥–∏–∏","–ü–æ–ª—É–ø—Ä–æ–≤–æ–¥–Ω–∏–∫–∏","4"
"üá©üá™ –ì–µ—Ä–º–∞–Ω–∏—è","Volkswagen","VOW3","https://t.me/usamarke1/1985",NA,NA,2021-03-30,NA,NA,"–¶–∏–∫–ª–∏—á–µ—Å–∫–∏–π –ø–æ—Ç—Ä–µ–±–∏—Ç–µ–ª—å—Å–∫–∏–π —Å–µ–∫—Ç–æ—Ä","–ê–≤—Ç–æ–ø—Ä–æ–∏–∑–≤–æ–¥–∏—Ç–µ–ª–∏","4"
"üá©üá™ –ì–µ—Ä–º–∞–Ω–∏—è","Adidas","ADS","https://t.me/usamarke1/1287",NA,NA,2020-10-22,NA,NA,"–¶–∏–∫–ª–∏—á–µ—Å–∫–∏–π –ø–æ—Ç—Ä–µ–±–∏—Ç–µ–ª—å—Å–∫–∏–π —Å–µ–∫—Ç–æ—Ä","–û–±—É–≤—å –∏ –∞–∫—Å–µ—Å—Å—É–∞—Ä—ã","5"
"üá©üá™ –ì–µ—Ä–º–∞–Ω–∏—è","Carl Zeiss","AFX","https://t.me/usamarke1/1399",NA,NA,2020-11-12,NA,NA,"–ó–¥—Ä–∞–≤–æ–æ—Ö—Ä–∞–Ω–µ–Ω–∏–µ","–ú–µ–¥–∏—Ü–∏–Ω—Å–∫–∏–µ –ø—Ä–∏–±–æ—Ä—ã","3"
"üá©üá™ –ì–µ—Ä–º–∞–Ω–∏—è","Allianz","ALV","https://t.me/usamarke1/2661",NA,NA,2021-08-26,NA,NA,"–§–∏–Ω–∞–Ω—Å–æ–≤—ã–π","–°—Ç—Ä–∞—Ö–æ–≤–∞–Ω–∏–µ - –∏–º—É—â–µ—Å—Ç–≤–æ –∏ —Å—Ç—Ä–∞—Ö–æ–≤–∞–Ω–∏–µ –æ—Ç –Ω–µ—Å—á–∞—Å—Ç–Ω—ã—Ö —Å–ª—É—á–∞–µ–≤","3"
"üá©üá™ –ì–µ—Ä–º–∞–Ω–∏—è","Siemens","SIE","https://t.me/usamarke1/2717",NA,NA,2021-09-07,NA,NA,"–ü—Ä–æ–º—ã—à–ª–µ–Ω–Ω–æ—Å—Ç—å","–°–ø–µ—Ü–∏–∞–ª–∏–∑–∏—Ä–æ–≤–∞–Ω–Ω–æ–µ –ø—Ä–æ–º—ã—à–ª–µ–Ω–Ω–æ–µ –æ–±–æ—Ä—É–¥–æ–≤–∞–Ω–∏–µ","4"
"üáÆüá± –ò–∑—Ä–∞–∏–ª—å","Solaredge","SEDG","https://t.me/usamarke1/1414",NA,NA,2020-11-16,NA,NA,"–¢–µ—Ö–Ω–æ–ª–æ–≥–∏–∏","–°–æ–ª–Ω–µ—á–Ω–∞—è —ç–Ω–µ—Ä–≥–∏—è","3"
"üáÆüá± –ò–∑—Ä–∞–∏–ª—å","Global-E Online Ltd.","GLBE","https://t.me/usamarke1/2716",NA,"https://t.me/usamarke1/2716",2021-09-07,NA,2021-09-07,"–¶–∏–∫–ª–∏—á–µ—Å–∫–∏–π –ø–æ—Ç—Ä–µ–±–∏—Ç–µ–ª—å—Å–∫–∏–π —Å–µ–∫—Ç–æ—Ä","–†–æ–∑–Ω–∏—á–Ω–∞—è —Ç–æ—Ä–≥–æ–≤–ª—è —á–µ—Ä–µ–∑ –ò–Ω—Ç–µ—Ä–Ω–µ—Ç","New"
"üáÆüá± –ò–∑—Ä–∞–∏–ª—å","Check Point Software Technologies","CHKP","https://t.me/usamarke1/1800 ",NA,NA,2021-02-15,NA,NA,"–¢–µ—Ö–Ω–æ–ª–æ–≥–∏–∏","–ü—Ä–æ–≥—Ä–∞–º–º–Ω–æ–µ –æ–±–µ—Å–ø–µ—á–µ–Ω–∏–µ - –ø—Ä–∏–ª–æ–∂–µ–Ω–∏—è","3"
"üáÆüá± –ò–∑—Ä–∞–∏–ª—å","InMode","INMD","https://t.me/usamarke1/2087",NA,NA,2021-04-21,NA,NA,"–ó–¥—Ä–∞–≤–æ–æ—Ö—Ä–∞–Ω–µ–Ω–∏–µ","–ú–µ–¥–∏—Ü–∏–Ω—Å–∫–∏–µ –ø—Ä–∏–±–æ—Ä—ã","4"
"üáÆüá™ –ò—Ä–ª–∞–Ω–¥–∏—è","Trane Technologies","TT","https://t.me/usamarke1/1589",NA,NA,2020-12-20,NA,NA,"–ü—Ä–æ–º—ã—à–ª–µ–Ω–Ω–æ—Å—Ç—å","–°–ø–µ—Ü–∏–∞–ª–∏–∑–∏—Ä–æ–≤–∞–Ω–Ω–æ–µ –ø—Ä–æ–º—ã—à–ª–µ–Ω–Ω–æ–µ –æ–±–æ—Ä—É–¥–æ–≤–∞–Ω–∏–µ","3"
"üáÆüá™ –ò—Ä–ª–∞–Ω–¥–∏—è","Accenture","ACN","https://t.me/usamarke1/2042",NA,NA,2021-04-10,NA,NA,"–¢–µ—Ö–Ω–æ–ª–æ–≥–∏–∏","–£—Å–ª—É–≥–∏ –≤ –æ–±–ª–∞—Å—Ç–∏ –∏–Ω—Ñ–æ—Ä–º–∞—Ü–∏–æ–Ω–Ω—ã—Ö —Ç–µ—Ö–Ω–æ–ª–æ–≥–∏–π","5"
"üáÆüá™ –ò—Ä–ª–∞–Ω–¥–∏—è","ICON plc","ICLR","https://t.me/usamarke1/2660",NA,"https://t.me/usamarke1/2660",2021-08-26,NA,2021-08-26,"–ó–¥—Ä–∞–≤–æ–æ—Ö—Ä–∞–Ω–µ–Ω–∏–µ","–î–∏–∞–≥–Ω–æ—Å—Ç–∏–∫–∞ –∏ –∏—Å—Å–ª–µ–¥–æ–≤–∞–Ω–∏—è","New"
"üáÆüá™ –ò—Ä–ª–∞–Ω–¥–∏—è","Medtronic","MDT","https://t.me/usamarke1/1333",NA,NA,2020-10-30,NA,NA,"–ó–¥—Ä–∞–≤–æ–æ—Ö—Ä–∞–Ω–µ–Ω–∏–µ","–ú–µ–¥–∏—Ü–∏–Ω—Å–∫–∏–µ –ø—Ä–∏–±–æ—Ä—ã","4"
"üáÆüá™ –ò—Ä–ª–∞–Ω–¥–∏—è","Allegion","ALLE","https://t.me/usamarke1/2175 ",NA,NA,2021-05-12,NA,NA,"–ü—Ä–æ–º—ã—à–ª–µ–Ω–Ω–æ—Å—Ç—å","–£—Å–ª—É–≥–∏ –≤ –æ–±–ª–∞—Å—Ç–∏ –±–µ–∑–æ–ø–∞—Å–Ω–æ—Å—Ç–∏ –∏ –∑–∞—â–∏—Ç—ã","3"
"üá®üá¶ –ö–∞–Ω–∞–¥–∞","Royal Bank of Canada","RY","https://t.me/usamarke1/2748",NA,"https://t.me/usamarke1/2748",2021-09-14,NA,2021-09-14,"–§–∏–Ω–∞–Ω—Å–æ–≤—ã–π","–ë–∞–Ω–∫–∏ - –¥–∏–≤–µ—Ä—Å–∏—Ñ–∏—Ü–∏—Ä–æ–≤–∞–Ω–Ω—ã–µ","New"
"üá®üá¶ –ö–∞–Ω–∞–¥–∞","Barrick Gold Corporation","GOLD","https://t.me/usamarke1/2576",NA,NA,2021-08-06,NA,NA,"–ë–∞–∑–æ–≤—ã–µ –º–∞—Ç–µ—Ä–∏–∞–ª—ã","–ó–æ–ª–æ—Ç–æ","3"
"üá®üá¶ –ö–∞–Ω–∞–¥–∞","Thomson Reuters Corp.","TRI","https://t.me/usamarke1/2741",NA,"https://t.me/usamarke1/2741",2021-09-13,NA,2021-09-13,"–ü—Ä–æ–º—ã—à–ª–µ–Ω–Ω–æ—Å—Ç—å","–ö–æ–Ω—Å–∞–ª—Ç–∏–Ω–≥–æ–≤—ã–µ —É—Å–ª—É–≥–∏","New"
"üá®üá¶ –ö–∞–Ω–∞–¥–∞","Pan American Silver Corp.","PAAS","https://t.me/usamarke1/2754",NA,"https://t.me/usamarke1/2754",2021-09-15,NA,2021-09-15,"–ë–∞–∑–æ–≤—ã–µ –º–∞—Ç–µ—Ä–∏–∞–ª—ã","–°–µ—Ä–µ–±—Ä–æ","New"
"üá®üá¶ –ö–∞–Ω–∞–¥–∞","Cameco Corp.","CCJ","https://t.me/usamarke1/2802",NA,"https://t.me/usamarke1/2728",2021-09-24,NA,2021-09-09,"–≠–Ω–µ—Ä–≥–µ—Ç–∏–∫–∞","–£—Ä–∞–Ω","3"
"üá®üá¶ –ö–∞–Ω–∞–¥–∞","Lululemon Athletica","LULU","https://t.me/usamarke1/2078",NA,NA,2021-04-19,NA,NA,"–¶–∏–∫–ª–∏—á–µ—Å–∫–∏–π –ø–æ—Ç—Ä–µ–±–∏—Ç–µ–ª—å—Å–∫–∏–π —Å–µ–∫—Ç–æ—Ä","–†–æ–∑–Ω–∏—á–Ω–∞—è —Ç–æ—Ä–≥–æ–≤–ª—è –æ–¥–µ–∂–¥–æ–π","5"
"üá®üá¶ –ö–∞–Ω–∞–¥–∞","Magna International","MGA","https://t.me/usamarke1/2760",NA,"https://t.me/usamarke1/2760",2021-09-16,NA,2021-09-16,"–¶–∏–∫–ª–∏—á–µ—Å–∫–∏–π –ø–æ—Ç—Ä–µ–±–∏—Ç–µ–ª—å—Å–∫–∏–π —Å–µ–∫—Ç–æ—Ä","–ê–≤—Ç–æ–∑–∞–ø—á–∞—Å—Ç–∏","New"
"üá®üá¶ –ö–∞–Ω–∞–¥–∞","Shopify","SHOP","https://t.me/usamarke1/2681",NA,"https://t.me/usamarke1/2681",2021-08-31,NA,2021-08-31,"–¢–µ—Ö–Ω–æ–ª–æ–≥–∏–∏","–ü—Ä–æ–≥—Ä–∞–º–º–Ω–æ–µ –æ–±–µ—Å–ø–µ—á–µ–Ω–∏–µ - –ø—Ä–∏–ª–æ–∂–µ–Ω–∏—è","New"
"üá®üá¶ –ö–∞–Ω–∞–¥–∞","Canadian National Railway Company","CNI","https://t.me/usamarke1/2728",NA,"https://t.me/usamarke1/2728",2021-09-09,NA,2021-09-09,"–ü—Ä–æ–º—ã—à–ª–µ–Ω–Ω–æ—Å—Ç—å","–ñ–µ–ª–µ–∑–Ω—ã–µ –¥–æ—Ä–æ–≥–∏","New"
"üá®üá≥ –ö–∏—Ç–∞–π","JD.com","JD","https://t.me/usamarke1/1568","https://t.me/usamarke1/1964",NA,2020-12-17,2021-03-25,NA,"–¶–∏–∫–ª–∏—á–µ—Å–∫–∏–π –ø–æ—Ç—Ä–µ–±–∏—Ç–µ–ª—å—Å–∫–∏–π —Å–µ–∫—Ç–æ—Ä","–†–æ–∑–Ω–∏—á–Ω–∞—è —Ç–æ—Ä–≥–æ–≤–ª—è —á–µ—Ä–µ–∑ –ò–Ω—Ç–µ—Ä–Ω–µ—Ç","5"
"üá®üá≥ –ö–∏—Ç–∞–π","Baidu","BIDU","https://t.me/usamarke1/1426",NA,NA,2020-11-18,NA,NA,"–ö–æ–º–º—É–Ω–∏–∫–∞—Ü–∏–æ–Ω–Ω—ã–µ —É—Å–ª—É–≥–∏","–ò–Ω—Ç–µ—Ä–Ω–µ—Ç-–∫–æ–Ω—Ç–µ–Ω—Ç –∏ –∏–Ω—Ñ–æ—Ä–º–∞—Ü–∏—è","3"
"üá®üá≥ –ö–∏—Ç–∞–π","Baozun","BZUN","https://t.me/usamarke1/2551",NA,NA,2021-08-02,NA,NA,"–¶–∏–∫–ª–∏—á–µ—Å–∫–∏–π –ø–æ—Ç—Ä–µ–±–∏—Ç–µ–ª—å—Å–∫–∏–π —Å–µ–∫—Ç–æ—Ä","–†–æ–∑–Ω–∏—á–Ω–∞—è —Ç–æ—Ä–≥–æ–≤–ª—è —á–µ—Ä–µ–∑ –ò–Ω—Ç–µ—Ä–Ω–µ—Ç","4"
"üá®üá≥ –ö–∏—Ç–∞–π","Vipshop","VIPS","https://t.me/usamarke1/2248",NA,NA,2021-05-28,NA,NA,"–¶–∏–∫–ª–∏—á–µ—Å–∫–∏–π –ø–æ—Ç—Ä–µ–±–∏—Ç–µ–ª—å—Å–∫–∏–π —Å–µ–∫—Ç–æ—Ä","–†–æ–∑–Ω–∏—á–Ω–∞—è —Ç–æ—Ä–≥–æ–≤–ª—è —á–µ—Ä–µ–∑ –ò–Ω—Ç–µ—Ä–Ω–µ—Ç","4"
"üá®üá≥ –ö–∏—Ç–∞–π","Hello Group","MOMO","https://t.me/usamarke1/1600",NA,NA,2020-12-22,NA,NA,"–ö–æ–º–º—É–Ω–∏–∫–∞—Ü–∏–æ–Ω–Ω—ã–µ —É—Å–ª—É–≥–∏","–ò–Ω—Ç–µ—Ä–Ω–µ—Ç-–∫–æ–Ω—Ç–µ–Ω—Ç –∏ –∏–Ω—Ñ–æ—Ä–º–∞—Ü–∏—è","2"
"üá®üá≥ –ö–∏—Ç–∞–π","Xpeng","XPEV","https://t.me/usamarke1/2734",NA,NA,2021-09-10,NA,NA,"–¶–∏–∫–ª–∏—á–µ—Å–∫–∏–π –ø–æ—Ç—Ä–µ–±–∏—Ç–µ–ª—å—Å–∫–∏–π —Å–µ–∫—Ç–æ—Ä","–ê–≤—Ç–æ–ø—Ä–æ–∏–∑–≤–æ–¥–∏—Ç–µ–ª–∏","4"
"üá®üá≥ –ö–∏—Ç–∞–π","NetEase","NTES","https://t.me/usamarke1/2614",NA,NA,2021-08-16,NA,NA,"–ö–æ–º–º—É–Ω–∏–∫–∞—Ü–∏–æ–Ω–Ω—ã–µ —É—Å–ª—É–≥–∏","–ò–Ω—Ç–µ—Ä–Ω–µ—Ç-–∫–æ–Ω—Ç–µ–Ω—Ç –∏ –∏–Ω—Ñ–æ—Ä–º–∞—Ü–∏—è","4"
"üá®üá≥ –ö–∏—Ç–∞–π","Pinduoduo","PDD","https://t.me/usamarke1/2390",NA,NA,2021-06-30,NA,NA,"–¶–∏–∫–ª–∏—á–µ—Å–∫–∏–π –ø–æ—Ç—Ä–µ–±–∏—Ç–µ–ª—å—Å–∫–∏–π —Å–µ–∫—Ç–æ—Ä","–†–æ–∑–Ω–∏—á–Ω–∞—è —Ç–æ—Ä–≥–æ–≤–ª—è —á–µ—Ä–µ–∑ –ò–Ω—Ç–µ—Ä–Ω–µ—Ç","4"
"üá®üá≥ –ö–∏—Ç–∞–π","Li Auto","LI","https://t.me/usamarke1/2268",NA,NA,2021-06-02,NA,NA,"–¶–∏–∫–ª–∏—á–µ—Å–∫–∏–π –ø–æ—Ç—Ä–µ–±–∏—Ç–µ–ª—å—Å–∫–∏–π —Å–µ–∫—Ç–æ—Ä","–ê–≤—Ç–æ–ø—Ä–æ–∏–∑–≤–æ–¥–∏—Ç–µ–ª–∏","4"
"üá®üá≥ –ö–∏—Ç–∞–π","Alibaba","BABA","https://t.me/usamarke1/1489","https://t.me/usamarke1/1627",NA,2020-12-01,2020-12-28,NA,"–¶–∏–∫–ª–∏—á–µ—Å–∫–∏–π –ø–æ—Ç—Ä–µ–±–∏—Ç–µ–ª—å—Å–∫–∏–π —Å–µ–∫—Ç–æ—Ä","–†–æ–∑–Ω–∏—á–Ω–∞—è —Ç–æ—Ä–≥–æ–≤–ª—è —á–µ—Ä–µ–∑ –ò–Ω—Ç–µ—Ä–Ω–µ—Ç","4"
"üá®üá≥ –ö–∏—Ç–∞–π","Nio","NIO","https://t.me/usamarke1/2584",NA,NA,2021-08-09,NA,NA,"–¶–∏–∫–ª–∏—á–µ—Å–∫–∏–π –ø–æ—Ç—Ä–µ–±–∏—Ç–µ–ª—å—Å–∫–∏–π —Å–µ–∫—Ç–æ—Ä","–ê–≤—Ç–æ–ø—Ä–æ–∏–∑–≤–æ–¥–∏—Ç–µ–ª–∏","5"
"üá®üá≥ –ö–∏—Ç–∞–π","Bilibili","BILI","https://t.me/usamarke1/2226",NA,NA,2021-05-24,NA,NA,"–ö–æ–º–º—É–Ω–∏–∫–∞—Ü–∏–æ–Ω–Ω—ã–µ —É—Å–ª—É–≥–∏","–≠–ª–µ–∫—Ç—Ä–æ–Ω–Ω—ã–µ –∏–≥—Ä—ã –∏ –º—É–ª—å—Ç–∏–º–µ–¥–∏–∞","4"
"üá±üá∫ –õ—é–∫—Å–µ–º–±—É—Ä–≥","Spotify","SPOT","https://t.me/usamarke1/1221","https://t.me/usamarke1/1888",NA,2020-10-08,2021-03-06,NA,"–ö–æ–º–º—É–Ω–∏–∫–∞—Ü–∏–æ–Ω–Ω—ã–µ —É—Å–ª—É–≥–∏","–ò–Ω—Ç–µ—Ä–Ω–µ—Ç-–∫–æ–Ω—Ç–µ–Ω—Ç –∏ –∏–Ω—Ñ–æ—Ä–º–∞—Ü–∏—è","5"
"üá≥üá± –ù–∏–¥–µ—Ä–ª–∞–Ω–¥—ã","Stellantis N.V.","STLA","https://t.me/usamarke1/2767",NA,"https://t.me/usamarke1/2767",2021-09-17,NA,2021-09-17,"–¶–∏–∫–ª–∏—á–µ—Å–∫–∏–π –ø–æ—Ç—Ä–µ–±–∏—Ç–µ–ª—å—Å–∫–∏–π —Å–µ–∫—Ç–æ—Ä","–ê–≤—Ç–æ–ø—Ä–æ–∏–∑–≤–æ–¥–∏—Ç–µ–ª–∏","New"
"üá≥üá± –ù–∏–¥–µ—Ä–ª–∞–Ω–¥—ã","NXP Semiconductors","NXPI","https://t.me/usamarke1/1785",NA,NA,2021-02-11,NA,NA,"–¢–µ—Ö–Ω–æ–ª–æ–≥–∏–∏","–ü–æ–ª—É–ø—Ä–æ–≤–æ–¥–Ω–∏–∫–∏","3"
"üá∑üá∫ –†–æ—Å—Å–∏—è","–ü–µ—Ç—Ä–æ–ø–∞–≤–ª–æ–≤—Å–∫","POGR","https://t.me/usamarke1/1735",NA,NA,2021-01-29,NA,NA,"–ë–∞–∑–æ–≤—ã–µ –º–∞—Ç–µ—Ä–∏–∞–ª—ã","–ó–æ–ª–æ—Ç–æ","3"
"üá∑üá∫ –†–æ—Å—Å–∏—è","–°–æ–≤–∫–æ–º—Ñ–ª–æ—Ç","FLOT","https://t.me/usamarke1/1708",NA,NA,2021-01-21,NA,NA,"–≠–Ω–µ—Ä–≥–µ—Ç–∏–∫–∞","–ë–∏—Ä–∂–µ–≤—ã–µ —Ç–æ—Ä–≥—É–µ–º—ã–µ —Ñ–æ–Ω–¥—ã","3"
"üá∑üá∫ –†–æ—Å—Å–∏—è","–¢–∞—Ç–Ω–µ—Ñ—Ç—å","TATN","https://t.me/usamarke1/2182",NA,NA,2021-05-13,NA,NA,"–≠–Ω–µ—Ä–≥–µ—Ç–∏–∫–∞","–ù–µ—Ñ—Ç–µ–≥–∞–∑–æ–≤–∞—è –ø—Ä–æ–º—ã—à–ª–µ–Ω–Ω–æ—Å—Ç—å","3"
"üá∑üá∫ –†–æ—Å—Å–∏—è","–ì–ª–æ–±–∞–ª—Ç—Ä–∞–Ω—Å","GLTR","https://t.me/usamarke1/1319",NA,NA,2020-10-28,NA,NA,"–ü—Ä–æ–º—ã—à–ª–µ–Ω–Ω–æ—Å—Ç—å","–ë–∏—Ä–∂–µ–≤—ã–µ —Ç–æ—Ä–≥—É–µ–º—ã–µ —Ñ–æ–Ω–¥—ã","3"
"üá∑üá∫ –†–æ—Å—Å–∏—è","–ú–∞–≥–Ω–∏—Ç","MGNT","https://t.me/usamarke1/1836",NA,NA,2021-02-23,NA,NA,"–ö–æ–Ω—Å–µ—Ä–≤–∞—Ç–∏–≤–Ω—ã–π –ø–æ—Ç—Ä–µ–±–∏—Ç–µ–ª—å—Å–∫–∏–π —Å–µ–∫—Ç–æ—Ä","–î–∏—Å–∫–æ–Ω—Ç–Ω—ã–µ –º–∞–≥–∞–∑–∏–Ω—ã","3"
"üá∑üá∫ –†–æ—Å—Å–∏—è","–†–æ—Å—Ç–µ–ª–µ–∫–æ–º","RTKM","https://t.me/usamarke1/1462",NA,NA,2020-11-25,NA,NA,"–ö–æ–º–º—É–Ω–∏–∫–∞—Ü–∏–æ–Ω–Ω—ã–µ —É—Å–ª—É–≥–∏","–ö–æ–º–º—É–Ω–∞–ª—å–Ω—ã–µ —É—Å–ª—É–≥–∏","3"
"üá∑üá∫ –†–æ—Å—Å–∏—è","Fix Price","FIXP","https://t.me/usamarke1/1875",NA,NA,2021-03-04,NA,NA,"–¶–∏–∫–ª–∏—á–µ—Å–∫–∏–π –ø–æ—Ç—Ä–µ–±–∏—Ç–µ–ª—å—Å–∫–∏–π —Å–µ–∫—Ç–æ—Ä","–°–ø–µ—Ü–∏–∞–ª–∏–∑–∏—Ä–æ–≤–∞–Ω–Ω–∞—è —Ä–æ–∑–Ω–∏—á–Ω–∞—è —Ç–æ—Ä–≥–æ–≤–ª—è","4"
"üá∑üá∫ –†–æ—Å—Å–∏—è","–ú. –í–∏–¥–µ–æ","MVID","https://t.me/usamarke1/1634",NA,NA,2020-12-29,NA,NA,"–¶–∏–∫–ª–∏—á–µ—Å–∫–∏–π –ø–æ—Ç—Ä–µ–±–∏—Ç–µ–ª—å—Å–∫–∏–π —Å–µ–∫—Ç–æ—Ä","–°–ø–µ—Ü–∏–∞–ª–∏–∑–∏—Ä–æ–≤–∞–Ω–Ω–∞—è —Ä–æ–∑–Ω–∏—á–Ω–∞—è —Ç–æ—Ä–≥–æ–≤–ª—è","3"
"üá∑üá∫ –†–æ—Å—Å–∏—è","–°–±–µ—Ä–±–∞–Ω–∫","SBER","https://t.me/usamarke1/1771",NA,NA,2021-02-08,NA,NA,"–§–∏–Ω–∞–Ω—Å–æ–≤—ã–π","–ë–∞–Ω–∫–∏ - –¥–∏–≤–µ—Ä—Å–∏—Ñ–∏—Ü–∏—Ä–æ–≤–∞–Ω–Ω—ã–µ","4"
"üá∑üá∫ –†–æ—Å—Å–∏—è","–†—É—Å–∞–≥—Ä–æ","AGRO","https://t.me/usamarke1/1214 ",NA,NA,2020-10-07,NA,NA,"–ö–æ–Ω—Å–µ—Ä–≤–∞—Ç–∏–≤–Ω—ã–π –ø–æ—Ç—Ä–µ–±–∏—Ç–µ–ª—å—Å–∫–∏–π —Å–µ–∫—Ç–æ—Ä","–§–µ—Ä–º–µ—Ä—Å–∫–∏–µ –ø—Ä–æ–¥—É–∫—Ç—ã","3"
"üá∑üá∫ –†–æ—Å—Å–∏—è","–†—É—Å—Å–∫–∞—è –∞–∫–≤–∞–∫—É–ª—å—Ç—É—Ä–∞","AQUA","https://t.me/usamarke1/1649",NA,NA,2021-01-04,NA,NA,"–ö–æ–Ω—Å–µ—Ä–≤–∞—Ç–∏–≤–Ω—ã–π –ø–æ—Ç—Ä–µ–±–∏—Ç–µ–ª—å—Å–∫–∏–π —Å–µ–∫—Ç–æ—Ä","–ö–æ–Ω—Ç—Ä–æ–ª—å –∑–∞–≥—Ä—è–∑–Ω–µ–Ω–∏—è –∏ –æ—á–∏—Å—Ç–∫–∏","4"
"üá∑üá∫ –†–æ—Å—Å–∏—è","–†–æ—Å—Å–µ—Ç–∏","RSTI","https://t.me/usamarke1/1234",NA,NA,2020-10-12,NA,NA,"–ö–æ–º–º—É–Ω–∞–ª—å–Ω—ã–µ —É—Å–ª—É–≥–∏","–ö–æ–º–º—É–Ω–∞–ª—å–Ω—ã–µ —É—Å–ª—É–≥–∏","2"
"üá∑üá∫ –†–æ—Å—Å–∏—è","–õ–µ–Ω—ç–Ω–µ—Ä–≥–æ","LSNGP","https://t.me/usamarke1/1208",NA,NA,2020-10-06,NA,NA,"–ö–æ–º–º—É–Ω–∞–ª—å–Ω—ã–µ —É—Å–ª—É–≥–∏","–ö–æ–º–º—É–Ω–∞–ª—å–Ω—ã–µ —É—Å–ª—É–≥–∏","4"
"üá∑üá∫ –†–æ—Å—Å–∏—è","–ê–§–ö –°–∏—Å—Ç–µ–º–∞","AFKS","https://t.me/usamarke1/1138",NA,NA,2020-09-17,NA,NA,"–§–∏–Ω–∞–Ω—Å–æ–≤—ã–π","–§–∏–Ω–∞–Ω—Å—ã - –¥–∏–≤–µ—Ä—Å–∏—Ñ–∏—Ü–∏—Ä–æ–≤–∞–Ω–Ω—ã–µ","3"
"üá∑üá∫ –†–æ—Å—Å–∏—è","–ù–ï–§–ê–ó","NFAZ","https://t.me/usamarke1/2218",NA,NA,2021-05-21,NA,NA,"–¶–∏–∫–ª–∏—á–µ—Å–∫–∏–π –ø–æ—Ç—Ä–µ–±–∏—Ç–µ–ª—å—Å–∫–∏–π —Å–µ–∫—Ç–æ—Ä","–ê–≤—Ç–æ–ø—Ä–æ–∏–∑–≤–æ–¥–∏—Ç–µ–ª–∏","2"
"üá∑üá∫ –†–æ—Å—Å–∏—è","–ú–∞—Ç—å –∏ –¥–∏—Ç—è","MDMG","https://t.me/usamarke1/1418",NA,NA,2020-11-17,NA,NA,"–ó–¥—Ä–∞–≤–æ–æ—Ö—Ä–∞–Ω–µ–Ω–∏–µ","–ú–µ–¥–∏—Ü–∏–Ω—Å–∫–∏–µ —É—á—Ä–µ–∂–¥–µ–Ω–∏—è","4"
"üá∑üá∫ –†–æ—Å—Å–∏—è","Mail.ru","MAIL","https://t.me/usamarke1/1308","https://t.me/usamarke1/1994",NA,2020-10-26,2021-04-01,NA,"–ö–æ–º–º—É–Ω–∏–∫–∞—Ü–∏–æ–Ω–Ω—ã–µ —É—Å–ª—É–≥–∏","–ò–Ω—Ç–µ—Ä–Ω–µ—Ç-–∫–æ–Ω—Ç–µ–Ω—Ç –∏ –∏–Ω—Ñ–æ—Ä–º–∞—Ü–∏—è","4"
"üá∑üá∫ –†–æ—Å—Å–∏—è","TCS Group","TCSG","https://t.me/usamarke1/1563",NA,NA,2020-12-16,NA,NA,"–§–∏–Ω–∞–Ω—Å–æ–≤—ã–π","–ë–∞–Ω–∫–∏ - –¥–∏–≤–µ—Ä—Å–∏—Ñ–∏—Ü–∏—Ä–æ–≤–∞–Ω–Ω—ã–µ","4"
"üá∑üá∫ –†–æ—Å—Å–∏—è","En+ Group","ENPG","https://t.me/usamarke1/2351",NA,NA,2021-06-22,NA,NA,"–ë–∞–∑–æ–≤—ã–µ –º–∞—Ç–µ—Ä–∏–∞–ª—ã","–ò–∑–≥–æ—Ç–æ–≤–ª–µ–Ω–∏–µ –º–µ—Ç–∞–ª–ª–æ–∫–æ–Ω—Å—Ç—Ä—É–∫—Ü–∏–π","4"
"üá∑üá∫ –†–æ—Å—Å–∏—è","–ù–û–í–ê–¢–≠–ö","NVTK","https://t.me/usamarke1/1516",NA,NA,2020-12-07,NA,NA,"–≠–Ω–µ—Ä–≥–µ—Ç–∏–∫–∞","–ù–µ—Ñ—Ç–µ–≥–∞–∑–æ–≤–∞—è –ø—Ä–æ–º—ã—à–ª–µ–Ω–Ω–æ—Å—Ç—å","3"
"üá∑üá∫ –†–æ—Å—Å–∏—è","–§–æ—Å–ê–≥—Ä–æ","PHOR","https://t.me/usamarke1/1481",NA,NA,2020-11-30,NA,NA,"–ë–∞–∑–æ–≤—ã–µ –º–∞—Ç–µ—Ä–∏–∞–ª—ã","–°–µ–ª—å—Å–∫–æ—Ö–æ–∑—è–π—Å—Ç–≤–µ–Ω–Ω—ã–µ –º–∞—Ç–µ—Ä–∏–∞–ª—ã","3"
"üá∑üá∫ –†–æ—Å—Å–∏—è","–ò–Ω—Ç–µ—Ä –†–ê–û –ï–≠–°","IRAO","https://t.me/usamarke1/1545",NA,NA,2020-12-13,NA,NA,"–ö–æ–º–º—É–Ω–∞–ª—å–Ω—ã–µ —É—Å–ª—É–≥–∏","–ö–æ–º–º—É–Ω–∞–ª—å–Ω—ã–µ —É—Å–ª—É–≥–∏","4"
"üá∑üá∫ –†–æ—Å—Å–∏—è","–ù–ú–¢–ü","NMTP","https://t.me/usamarke1/1178",NA,NA,2020-09-28,NA,NA,"–ü—Ä–æ–º—ã—à–ª–µ–Ω–Ω–æ—Å—Ç—å","–¢—Ä–∞–Ω—Å–ø–æ—Ä—Ç","2"
"üá∑üá∫ –†–æ—Å—Å–∏—è","–ê–∫—Ä–æ–Ω","AKRN","https://t.me/usamarke1/2821",NA,NA,2021-09-29,NA,NA,"–ë–∞–∑–æ–≤—ã–µ –º–∞—Ç–µ—Ä–∏–∞–ª—ã","–°–µ–ª—å—Å–∫–æ—Ö–æ–∑—è–π—Å—Ç–≤–µ–Ω–Ω—ã–µ –º–∞—Ç–µ—Ä–∏–∞–ª—ã","3"
"üá∑üá∫ –†–æ—Å—Å–∏—è","Polymetal","POLY","https://t.me/usamarke1/2021",NA,NA,2021-04-06,NA,NA,"–ë–∞–∑–æ–≤—ã–µ –º–∞—Ç–µ—Ä–∏–∞–ª—ã","–û–±–æ—Ä—É–¥–æ–≤–∞–Ω–∏–µ —Å–≤—è–∑–∏","4"
"üá∑üá∫ –†–æ—Å—Å–∏—è","X5 Retail Group","FIVE","https://t.me/usamarke1/1532",NA,NA,2020-12-10,NA,NA,"–ö–æ–Ω—Å–µ—Ä–≤–∞—Ç–∏–≤–Ω—ã–π –ø–æ—Ç—Ä–µ–±–∏—Ç–µ–ª—å—Å–∫–∏–π —Å–µ–∫—Ç–æ—Ä","–°–ø–µ—Ü–∏–∞–ª–∏–∑–∏—Ä–æ–≤–∞–Ω–Ω–∞—è —Ä–æ–∑–Ω–∏—á–Ω–∞—è —Ç–æ—Ä–≥–æ–≤–ª—è","4"
"üá∑üá∫ –†–æ—Å—Å–∏—è","–°–µ–≤–µ—Ä—Å—Ç–∞–ª—å","CHMF","https://t.me/usamarke1/1981",NA,NA,2021-03-29,NA,NA,"–ë–∞–∑–æ–≤—ã–µ –º–∞—Ç–µ—Ä–∏–∞–ª—ã","–°—Ç–∞–ª—å","4"
"üá∑üá∫ –†–æ—Å—Å–∏—è","Segezha Group","SGZH","https://t.me/usamarke1/2108",NA,NA,2021-04-26,NA,NA,"–ë–∞–∑–æ–≤—ã–µ –º–∞—Ç–µ—Ä–∏–∞–ª—ã","–õ–µ—Å–Ω–æ–µ —Ö–æ–∑—è–π—Å—Ç–≤–æ","3"
"üá∑üá∫ –†–æ—Å—Å–∏—è","Qiwi","QIWI","https://t.me/usamarke1/1628",NA,NA,2020-12-28,NA,NA,"–§–∏–Ω–∞–Ω—Å–æ–≤—ã–π","–ö—Ä–µ–¥–∏—Ç–Ω—ã–µ —É—Å–ª—É–≥–∏","1"
"üá∑üá∫ –†–æ—Å—Å–∏—è","HeadHunter","HHR","https://t.me/usamarke1/1394",NA,NA,2020-11-11,NA,NA,"–ü—Ä–æ–º—ã—à–ª–µ–Ω–Ω–æ—Å—Ç—å","–£—Å–ª—É–≥–∏ –ø–æ –ø–æ–¥–±–æ—Ä—É –ø–µ—Ä—Å–æ–Ω–∞–ª–∞ –∏ —Ç—Ä—É–¥–æ—É—Å—Ç—Ä–æ–π—Å—Ç–≤—É","3"
"üá∑üá∫ –†–æ—Å—Å–∏—è","Ozon","OZON","https://t.me/usamarke1/1460",NA,NA,2020-11-25,NA,NA,"–¶–∏–∫–ª–∏—á–µ—Å–∫–∏–π –ø–æ—Ç—Ä–µ–±–∏—Ç–µ–ª—å—Å–∫–∏–π —Å–µ–∫—Ç–æ—Ä","–†–æ–∑–Ω–∏—á–Ω–∞—è —Ç–æ—Ä–≥–æ–≤–ª—è —á–µ—Ä–µ–∑ –ò–Ω—Ç–µ—Ä–Ω–µ—Ç","4"
"üá∑üá∫ –†–æ—Å—Å–∏—è","–Æ–Ω–∏–ø—Ä–æ","UPRO","https://t.me/usamarke1/1412",NA,NA,2020-11-16,NA,NA,"–ö–æ–º–º—É–Ω–∞–ª—å–Ω—ã–µ —É—Å–ª—É–≥–∏","–ë–∏—Ä–∂–µ–≤—ã–µ —Ç–æ—Ä–≥—É–µ–º—ã–µ —Ñ–æ–Ω–¥—ã","3"
"üá∑üá∫ –†–æ—Å—Å–∏—è","–ù–õ–ú–ö","NLMK","https://t.me/usamarke1/1155",NA,NA,2020-09-22,NA,NA,"–ë–∞–∑–æ–≤—ã–µ –º–∞—Ç–µ—Ä–∏–∞–ª—ã","–°—Ç–∞–ª—å","3"
"üá∑üá∫ –†–æ—Å—Å–∏—è","–õ–µ–Ω—Ç–∞","LNTA","https://t.me/usamarke1/1291",NA,NA,2020-10-23,NA,NA,"–ö–æ–Ω—Å–µ—Ä–≤–∞—Ç–∏–≤–Ω—ã–π –ø–æ—Ç—Ä–µ–±–∏—Ç–µ–ª—å—Å–∫–∏–π —Å–µ–∫—Ç–æ—Ä","–î–∏—Å–∫–æ–Ω—Ç–Ω—ã–µ –º–∞–≥–∞–∑–∏–Ω—ã","4"
"üá∑üá∫ –†–æ—Å—Å–∏—è","–í–¢–ë","VTBR","https://t.me/usamarke1/1906",NA,NA,2021-03-11,NA,NA,"–§–∏–Ω–∞–Ω—Å–æ–≤—ã–π","–ë–∞–Ω–∫–∏ - –¥–∏–≤–µ—Ä—Å–∏—Ñ–∏—Ü–∏—Ä–æ–≤–∞–Ω–Ω—ã–µ","2"
"üá∑üá∫ –†–æ—Å—Å–∏—è","–ì–∞–∑–ø—Ä–æ–º –Ω–µ—Ñ—Ç—å","SIBN","https://t.me/usamarke1/1313",NA,NA,2020-10-27,NA,NA,"–≠–Ω–µ—Ä–≥–µ—Ç–∏–∫–∞","–ù–µ—Ñ—Ç–µ–≥–∞–∑–æ–≤–∞—è –ø—Ä–æ–º—ã—à–ª–µ–Ω–Ω–æ—Å—Ç—å","3"
"üá∑üá∫ –†–æ—Å—Å–∏—è","–ë–∞–Ω–∫ –°–∞–Ω–∫—Ç-–ü–µ—Ç–µ—Ä–±—É—Ä–≥","BSPB","https://t.me/usamarke1/1445",NA,NA,2020-11-23,NA,NA,"–§–∏–Ω–∞–Ω—Å–æ–≤—ã–π","–ë–∞–Ω–∫–∏ - –¥–∏–≤–µ—Ä—Å–∏—Ñ–∏—Ü–∏—Ä–æ–≤–∞–Ω–Ω—ã–µ","3"
"üá∑üá∫ –†–æ—Å—Å–∏—è","–ì–ö –°–∞–º–æ–ª–µ—Ç","SMLT","https://t.me/usamarke1/1343",NA,NA,2020-11-02,NA,NA,"–¶–∏–∫–ª–∏—á–µ—Å–∫–∏–π –ø–æ—Ç—Ä–µ–±–∏—Ç–µ–ª—å—Å–∫–∏–π —Å–µ–∫—Ç–æ—Ä","–ñ–∏–ª–∏—â–Ω–æ–µ —Å—Ç—Ä–æ–∏—Ç–µ–ª—å—Å—Ç–≤–æ","3"
"üá∑üá∫ –†–æ—Å—Å–∏—è","–Ø–Ω–¥–µ–∫—Å","YNDX","https://t.me/usamarke1/1494",NA,NA,2020-12-02,NA,NA,"–ö–æ–º–º—É–Ω–∏–∫–∞—Ü–∏–æ–Ω–Ω—ã–µ —É—Å–ª—É–≥–∏","–ò–Ω—Ç–µ—Ä–Ω–µ—Ç-–∫–æ–Ω—Ç–µ–Ω—Ç –∏ –∏–Ω—Ñ–æ—Ä–º–∞—Ü–∏—è","4"
"üá∑üá∫ –†–æ—Å—Å–∏—è","–ë–µ–ª—É–≥–∞ –ì—Ä—É–ø–ø","BELU","https://t.me/usamarke1/1380",NA,NA,2020-11-09,NA,NA,"–ö–æ–Ω—Å–µ—Ä–≤–∞—Ç–∏–≤–Ω—ã–π –ø–æ—Ç—Ä–µ–±–∏—Ç–µ–ª—å—Å–∫–∏–π —Å–µ–∫—Ç–æ—Ä","–ù–∞–ø–∏—Ç–∫–∏ - –∞–ª–∫–æ–≥–æ–ª—å–Ω—ã–µ","4"
"üá∑üá∫ –†–æ—Å—Å–∏—è","–û–∫–µ–π","OKEY","https://t.me/usamarke1/1598",NA,NA,2020-12-22,NA,NA,"–ö–æ–Ω—Å–µ—Ä–≤–∞—Ç–∏–≤–Ω—ã–π –ø–æ—Ç—Ä–µ–±–∏—Ç–µ–ª—å—Å–∫–∏–π —Å–µ–∫—Ç–æ—Ä","–î–∏—Å–∫–æ–Ω—Ç–Ω—ã–µ –º–∞–≥–∞–∑–∏–Ω—ã","2"
"üá∑üá∫ –†–æ—Å—Å–∏—è","Veon","VEON","https://t.me/usamarke1/1275",NA,NA,2020-10-20,NA,NA,"–ö–æ–º–º—É–Ω–∏–∫–∞—Ü–∏–æ–Ω–Ω—ã–µ —É—Å–ª—É–≥–∏","–¢–µ–ª–µ–∫–æ–º–º—É–Ω–∏–∫–∞—Ü–∏–æ–Ω–Ω—ã–µ —É—Å–ª—É–≥–∏","1"
"üá∫üá∏ –°–®–ê","American Public Education","APEI","https://t.me/usamarke1/2369",NA,NA,2021-06-25,NA,NA,"–ö–æ–Ω—Å–µ—Ä–≤–∞—Ç–∏–≤–Ω—ã–π –ø–æ—Ç—Ä–µ–±–∏—Ç–µ–ª—å—Å–∫–∏–π —Å–µ–∫—Ç–æ—Ä","–£—Å–ª—É–≥–∏ –≤ –æ–±–ª–∞—Å—Ç–∏ –æ–±—Ä–∞–∑–æ–≤–∞–Ω–∏—è –∏ –æ–±—É—á–µ–Ω–∏—è","2"
"üá∫üá∏ –°–®–ê","American Tower","AMT","https://t.me/usamarke1/1350",NA,NA,2020-11-03,NA,NA,"–ù–µ–¥–≤–∏–∂–∏–º–æ—Å—Ç—å","–°–ø–µ—Ü–∏–∞–ª–∏–∑–∞—Ü–∏—è","4"
"üá∫üá∏ –°–®–ê","AmerisourceBergen","ABC","https://t.me/usamarke1/1013",NA,NA,2020-08-24,NA,NA,"–ó–¥—Ä–∞–≤–æ–æ—Ö—Ä–∞–Ω–µ–Ω–∏–µ","–ú–µ–¥–∏—Ü–∏–Ω—Å–∫–∞—è –¥–∏—Å—Ç—Ä–∏–±—É—Ü–∏—è","4"
"üá∫üá∏ –°–®–ê","Amgen","AMGN","https://t.me/usamarke1/2365",NA,NA,2021-06-24,NA,NA,"–ó–¥—Ä–∞–≤–æ–æ—Ö—Ä–∞–Ω–µ–Ω–∏–µ","–ü—Ä–æ–∏–∑–≤–æ–¥–∏—Ç–µ–ª–∏ –ª–µ–∫–∞—Ä—Å—Ç–≤ - –æ–±—â–∏–µ","4"
"üá∫üá∏ –°–®–ê","Alteryx","AYX","https://t.me/usamarke1/1883 ",NA,NA,2021-03-05,NA,NA,"–¢–µ—Ö–Ω–æ–ª–æ–≥–∏–∏","–ü—Ä–æ–≥—Ä–∞–º–º–Ω–æ–µ –æ–±–µ—Å–ø–µ—á–µ–Ω–∏–µ - –ø—Ä–∏–ª–æ–∂–µ–Ω–∏—è","3"
"üá∫üá∏ –°–®–ê","Anthem","ANTM","https://t.me/usamarke1/2321",NA,NA,2021-06-15,NA,NA,"–ó–¥—Ä–∞–≤–æ–æ—Ö—Ä–∞–Ω–µ–Ω–∏–µ","–ü–ª–∞–Ω—ã –∑–¥—Ä–∞–≤–æ–æ—Ö—Ä–∞–Ω–µ–Ω–∏—è","4"
"üá∫üá∏ –°–®–ê","AppHarvest","APPH","https://t.me/usamarke1/2319",NA,"https://t.me/usamarke1/2319",2021-06-15,NA,2021-06-15,"–ö–æ–Ω—Å–µ—Ä–≤–∞—Ç–∏–≤–Ω—ã–π –ø–æ—Ç—Ä–µ–±–∏—Ç–µ–ª—å—Å–∫–∏–π —Å–µ–∫—Ç–æ—Ä","–§–µ—Ä–º–µ—Ä—Å–∫–∏–µ –ø—Ä–æ–¥—É–∫—Ç—ã","New"
"üá∫üá∏ –°–®–ê","Apple","AAPL","https://t.me/usamarke1/1237",NA,NA,2020-10-12,NA,NA,"–¢–µ—Ö–Ω–æ–ª–æ–≥–∏–∏","–ü–æ—Ç—Ä–µ–±–∏—Ç–µ–ª—å—Å–∫–∞—è —ç–ª–µ–∫—Ç—Ä–æ–Ω–∏–∫–∞","4"
"üá∫üá∏ –°–®–ê","Applied Materials","AMAT","https://t.me/usamarke1/1112","https://t.me/usamarke1/1112",NA,2020-09-10,2020-09-10,NA,"–¢–µ—Ö–Ω–æ–ª–æ–≥–∏–∏","–ü–æ–ª—É–ø—Ä–æ–≤–æ–¥–Ω–∏–∫–æ–≤–æ–µ –æ–±–æ—Ä—É–¥–æ–≤–∞–Ω–∏–µ –∏ –º–∞—Ç–µ—Ä–∏–∞–ª—ã","5"
"üá∫üá∏ –°–®–ê","Applied Molecular Transport","AMTI","https://t.me/usamarke1/2314",NA,"https://t.me/usamarke1/2314",2021-06-14,NA,2021-06-14,"–ó–¥—Ä–∞–≤–æ–æ—Ö—Ä–∞–Ω–µ–Ω–∏–µ","–ë–∏–æ—Ç–µ—Ö–Ω–æ–ª–æ–≥–∏–∏","New"
"üá∫üá∏ –°–®–ê","AppLovin Corp.","APP","https://t.me/usamarke1/2453",NA,"https://t.me/usamarke1/2453",2021-07-13,NA,2021-07-13,"–¢–µ—Ö–Ω–æ–ª–æ–≥–∏–∏","–ü—Ä–æ–≥—Ä–∞–º–º–Ω–æ–µ –æ–±–µ—Å–ø–µ—á–µ–Ω–∏–µ - –ø—Ä–∏–ª–æ–∂–µ–Ω–∏—è","New"
"üá∫üá∏ –°–®–ê","Arcturus","ARCT","https://t.me/usamarke1/1712","https://t.me/usamarke1/2607",NA,2021-01-22,2021-08-13,NA,"–ó–¥—Ä–∞–≤–æ–æ—Ö—Ä–∞–Ω–µ–Ω–∏–µ","–ë–∏–æ—Ç–µ—Ö–Ω–æ–ª–æ–≥–∏–∏","4"
"üá∫üá∏ –°–®–ê","Arista","ANET","https://t.me/usamarke1/546","https://t.me/usamarke1/546",NA,2020-06-10,2020-06-10,NA,"–¢–µ—Ö–Ω–æ–ª–æ–≥–∏–∏","–ö–æ–º–ø—å—é—Ç–µ—Ä–Ω–æ–µ –æ–±–æ—Ä—É–¥–æ–≤–∞–Ω–∏–µ","5"
"üá∫üá∏ –°–®–ê","Aspira Womens's Health","AWH","https://t.me/usamarke1/2319",NA,"https://t.me/usamarke1/2319",2021-06-15,NA,2021-06-15,"–ó–¥—Ä–∞–≤–æ–æ—Ö—Ä–∞–Ω–µ–Ω–∏–µ","–î–∏–∞–≥–Ω–æ—Å—Ç–∏–∫–∞ –∏ –∏—Å—Å–ª–µ–¥–æ–≤–∞–Ω–∏—è","New"
"üá∫üá∏ –°–®–ê","AstraZeneca","AZN","https://t.me/usamarke1/2625",NA,"https://t.me/usamarke1/2692",2021-08-18,NA,2021-09-02,"–ó–¥—Ä–∞–≤–æ–æ—Ö—Ä–∞–Ω–µ–Ω–∏–µ","–ü—Ä–æ–∏–∑–≤–æ–¥–∏—Ç–µ–ª–∏ –ª–µ–∫–∞—Ä—Å—Ç–≤ - –æ–±—â–∏–µ","5"
"üá∫üá∏ –°–®–ê","AT&T","T","https://t.me/usamarke1/2580",NA,NA,2021-08-08,NA,NA,"–ö–æ–º–º—É–Ω–∏–∫–∞—Ü–∏–æ–Ω–Ω—ã–µ —É—Å–ª—É–≥–∏","–¢–µ–ª–µ–∫–æ–º–º—É–Ω–∏–∫–∞—Ü–∏–æ–Ω–Ω—ã–µ —É—Å–ª—É–≥–∏","2"
"üá∫üá∏ –°–®–ê","Atara Biotherapeutics","ATRA","https://t.me/usamarke1/2284",NA,NA,2021-06-07,NA,NA,"–ó–¥—Ä–∞–≤–æ–æ—Ö—Ä–∞–Ω–µ–Ω–∏–µ","–ë–∏–æ—Ç–µ—Ö–Ω–æ–ª–æ–≥–∏–∏","3"
"üá∫üá∏ –°–®–ê","Autodesk","ADSK","https://t.me/usamarke1/1034",NA,NA,2020-08-28,NA,NA,"–¢–µ—Ö–Ω–æ–ª–æ–≥–∏–∏","–ü—Ä–æ–≥—Ä–∞–º–º–Ω–æ–µ –æ–±–µ—Å–ø–µ—á–µ–Ω–∏–µ - –ø—Ä–∏–ª–æ–∂–µ–Ω–∏—è","3"
"üá∫üá∏ –°–®–ê","Autodesk","ADSK","https://t.me/usamarke1/2774",NA,NA,2021-09-20,NA,NA,"–¢–µ—Ö–Ω–æ–ª–æ–≥–∏–∏","–ü—Ä–æ–≥—Ä–∞–º–º–Ω–æ–µ –æ–±–µ—Å–ø–µ—á–µ–Ω–∏–µ - –ø—Ä–∏–ª–æ–∂–µ–Ω–∏—è","3"
"üá∫üá∏ –°–®–ê","Avalara","AVLR","https://t.me/usamarke1/1791",NA,NA,2021-02-12,NA,NA,"–¢–µ—Ö–Ω–æ–ª–æ–≥–∏–∏","–ü—Ä–æ–≥—Ä–∞–º–º–Ω–æ–µ –æ–±–µ—Å–ø–µ—á–µ–Ω–∏–µ - –ø—Ä–∏–ª–æ–∂–µ–Ω–∏—è","4"
"üá∫üá∏ –°–®–ê","Axos Financial","AX","https://t.me/usamarke1/1473",NA,NA,2020-11-27,NA,NA,"–§–∏–Ω–∞–Ω—Å–æ–≤—ã–π","–ë–∞–Ω–∫–∏ - —Ä–µ–≥–∏–æ–Ω–∞–ª—å–Ω—ã–µ","4"
"üá∫üá∏ –°–®–ê","Axsome Therapeutics","AXSM","https://t.me/usamarke1/2168","https://t.me/usamarke1/2168",NA,2021-05-11,2021-05-11,NA,"–ó–¥—Ä–∞–≤–æ–æ—Ö—Ä–∞–Ω–µ–Ω–∏–µ","–ë–∏–æ—Ç–µ—Ö–Ω–æ–ª–æ–≥–∏–∏","4"
"üá∫üá∏ –°–®–ê","IBM","IBM","https://t.me/usamarke1/2620",NA,NA,2021-08-17,NA,NA,"–¢–µ—Ö–Ω–æ–ª–æ–≥–∏–∏","–£—Å–ª—É–≥–∏ –≤ –æ–±–ª–∞—Å—Ç–∏ –∏–Ω—Ñ–æ—Ä–º–∞—Ü–∏–æ–Ω–Ω—ã—Ö —Ç–µ—Ö–Ω–æ–ª–æ–≥–∏–π","2"
"üá∫üá∏ –°–®–ê","Bank of America","BAC","https://t.me/usamarke1/1554",NA,NA,2020-12-15,NA,NA,"–§–∏–Ω–∞–Ω—Å–æ–≤—ã–π","–ë–∞–Ω–∫–∏ - –¥–∏–≤–µ—Ä—Å–∏—Ñ–∏—Ü–∏—Ä–æ–≤–∞–Ω–Ω—ã–µ","3"
"üá∫üá∏ –°–®–ê","II-VI","IIVI","https://t.me/usamarke1/1862 ","https://t.me/usamarke1/1959",NA,2021-03-01,2021-03-24,NA,"–¢–µ—Ö–Ω–æ–ª–æ–≥–∏–∏","–ù–∞—É—á–Ω—ã–µ –∏ —Ç–µ—Ö–Ω–∏—á–µ—Å–∫–∏–µ –ø—Ä–∏–±–æ—Ä—ã","4"
"üá∫üá∏ –°–®–ê","IIPR","IIPR","https://t.me/usamarke1/1613",NA,NA,2020-12-24,NA,NA,"–ù–µ–¥–≤–∏–∂–∏–º–æ—Å—Ç—å","–ü—Ä–æ–º—ã—à–ª–µ–Ω–Ω–æ—Å—Ç—å","4"
"üá∫üá∏ –°–®–ê","Illumina","ILMN","https://t.me/usamarke1/1730",NA,NA,2021-01-28,NA,NA,"–ó–¥—Ä–∞–≤–æ–æ—Ö—Ä–∞–Ω–µ–Ω–∏–µ","–î–∏–∞–≥–Ω–æ—Å—Ç–∏–∫–∞ –∏ –∏—Å—Å–ª–µ–¥–æ–≤–∞–Ω–∏—è","4"
"üá∫üá∏ –°–®–ê","Beyond Meat","BYND","https://t.me/usamarke1/2762",NA,NA,2021-09-16,NA,NA,"–ö–æ–Ω—Å–µ—Ä–≤–∞—Ç–∏–≤–Ω—ã–π –ø–æ—Ç—Ä–µ–±–∏—Ç–µ–ª—å—Å–∫–∏–π —Å–µ–∫—Ç–æ—Ä","–£–ø–∞–∫–æ–≤–∞–Ω–Ω—ã–µ –ø—Ä–æ–¥—É–∫—Ç—ã –ø–∏—Ç–∞–Ω–∏—è","3"
"üá∫üá∏ –°–®–ê","Rhythm Pharmaceuticals","RYTM","https://t.me/usamarke1/1661",NA,NA,2021-01-08,NA,NA,"–ó–¥—Ä–∞–≤–æ–æ—Ö—Ä–∞–Ω–µ–Ω–∏–µ","–ë–∏–æ—Ç–µ—Ö–Ω–æ–ª–æ–≥–∏–∏","3"
"üá∫üá∏ –°–®–ê","Bill.com Holdings","BILL","https://t.me/usamarke1/1727",NA,NA,2021-01-27,NA,NA,"–¢–µ—Ö–Ω–æ–ª–æ–≥–∏–∏","–ü—Ä–æ–≥—Ä–∞–º–º–Ω–æ–µ –æ–±–µ—Å–ø–µ—á–µ–Ω–∏–µ - –ø—Ä–∏–ª–æ–∂–µ–Ω–∏—è","4"
"üá∫üá∏ –°–®–ê","Biogen","BIIB","https://t.me/usamarke1/1193",NA,NA,2020-10-01,NA,NA,"–ó–¥—Ä–∞–≤–æ–æ—Ö—Ä–∞–Ω–µ–Ω–∏–µ","–ü—Ä–æ–∏–∑–≤–æ–¥–∏—Ç–µ–ª–∏ –ª–µ–∫–∞—Ä—Å—Ç–≤ - –æ–±—â–∏–µ","3"
"üá∫üá∏ –°–®–ê","Biomarin Pharmaceuticals","BMRN","https://t.me/usamarke1/1130",NA,NA,2020-09-15,NA,NA,"–ó–¥—Ä–∞–≤–æ–æ—Ö—Ä–∞–Ω–µ–Ω–∏–µ","–ë–∏–æ—Ç–µ—Ö–Ω–æ–ª–æ–≥–∏–∏","4"
"üá∫üá∏ –°–®–ê","Bionano Genomics","BNGO","https://t.me/usamarke1/2324",NA,"https://t.me/usamarke1/2324",2021-06-16,NA,2021-06-16,"–ó–¥—Ä–∞–≤–æ–æ—Ö—Ä–∞–Ω–µ–Ω–∏–µ","–î–∏–∞–≥–Ω–æ—Å—Ç–∏–∫–∞ –∏ –∏—Å—Å–ª–µ–¥–æ–≤–∞–Ω–∏—è","New"
"üá∫üá∏ –°–®–ê","BioXcel Therapeutics","BTAI","https://t.me/usamarke1/2401",NA,NA,2021-07-02,NA,NA,"–ó–¥—Ä–∞–≤–æ–æ—Ö—Ä–∞–Ω–µ–Ω–∏–µ","–ë–∏–æ—Ç–µ—Ö–Ω–æ–ª–æ–≥–∏–∏","4"
"üá∫üá∏ –°–®–ê","BlackRock","BLK","https://t.me/usamarke1/2511",NA,NA,2021-07-26,NA,NA,"–§–∏–Ω–∞–Ω—Å–æ–≤—ã–π","–£–ø—Ä–∞–≤–ª–µ–Ω–∏–µ –∞–∫—Ç–∏–≤–∞–º–∏","5"
"üá∫üá∏ –°–®–ê","Blink Charging Co.","BLNK","https://t.me/usamarke1/2324",NA,"https://t.me/usamarke1/2324",2021-06-16,NA,2021-06-16,"–¶–∏–∫–ª–∏—á–µ—Å–∫–∏–π –ø–æ—Ç—Ä–µ–±–∏—Ç–µ–ª—å—Å–∫–∏–π —Å–µ–∫—Ç–æ—Ä","–°–ø–µ—Ü–∏–∞–ª–∏–∑–∏—Ä–æ–≤–∞–Ω–Ω–∞—è —Ä–æ–∑–Ω–∏—á–Ω–∞—è —Ç–æ—Ä–≥–æ–≤–ª—è","New"
"üá∫üá∏ –°–®–ê","Ionis Pharmaceuticals","IONS","https://t.me/usamarke1/1047",NA,NA,2020-08-31,NA,NA,"–ó–¥—Ä–∞–≤–æ–æ—Ö—Ä–∞–Ω–µ–Ω–∏–µ","–ë–∏–æ—Ç–µ—Ö–Ω–æ–ª–æ–≥–∏–∏","3"
"üá∫üá∏ –°–®–ê","Boeing","BA","https://t.me/usamarke1/1126",NA,NA,2020-09-14,NA,NA,"–ü—Ä–æ–º—ã—à–ª–µ–Ω–Ω–æ—Å—Ç—å","–ê—ç—Ä–æ–∫–æ—Å–º–∏—á–µ—Å–∫–∞—è –∏ –æ–±–æ—Ä–æ–Ω–Ω–∞—è –ø—Ä–æ–º—ã—à–ª–µ–Ω–Ω–æ—Å—Ç—å","2"
"üá∫üá∏ –°–®–ê","Boston Scientific","BSX","https://t.me/usamarke1/1952",NA,NA,2021-03-22,NA,NA,"–ó–¥—Ä–∞–≤–æ–æ—Ö—Ä–∞–Ω–µ–Ω–∏–µ","–ú–µ–¥–∏—Ü–∏–Ω—Å–∫–∏–µ –ø—Ä–∏–±–æ—Ä—ã","3"
"üá∫üá∏ –°–®–ê","Bristol-Myers Squibb","BMY","https://t.me/usamarke1/2416",NA,NA,2021-07-06,NA,NA,"–ó–¥—Ä–∞–≤–æ–æ—Ö—Ä–∞–Ω–µ–Ω–∏–µ","–ü—Ä–æ–∏–∑–≤–æ–¥–∏—Ç–µ–ª–∏ –ª–µ–∫–∞—Ä—Å—Ç–≤ - –æ–±—â–∏–µ","4"
"üá∫üá∏ –°–®–ê","Broadcom","AVGO","https://t.me/usamarke1/1956",NA,NA,2021-03-23,NA,NA,"–¢–µ—Ö–Ω–æ–ª–æ–≥–∏–∏","–ü–æ–ª—É–ø—Ä–æ–≤–æ–¥–Ω–∏–∫–∏","4"
"üá∫üá∏ –°–®–ê","Burlington Stores","BURL","https://t.me/usamarke1/1096",NA,NA,2020-09-08,NA,NA,"–¶–∏–∫–ª–∏—á–µ—Å–∫–∏–π –ø–æ—Ç—Ä–µ–±–∏—Ç–µ–ª—å—Å–∫–∏–π —Å–µ–∫—Ç–æ—Ä","–†–æ–∑–Ω–∏—á–Ω–∞—è —Ç–æ—Ä–≥–æ–≤–ª—è –æ–¥–µ–∂–¥–æ–π","3"
"üá∫üá∏ –°–®–ê","JP Morgan Chase","JPM","https://t.me/usamarke1/2142",NA,NA,2021-05-05,NA,NA,"–§–∏–Ω–∞–Ω—Å–æ–≤—ã–π","–ë–∞–Ω–∫–∏ - –¥–∏–≤–µ—Ä—Å–∏—Ñ–∏—Ü–∏—Ä–æ–≤–∞–Ω–Ω—ã–µ","5"
"üá∫üá∏ –°–®–ê","KB Home","KBH","https://t.me/usamarke1/2120",NA,NA,2021-04-28,NA,NA,"–¶–∏–∫–ª–∏—á–µ—Å–∫–∏–π –ø–æ—Ç—Ä–µ–±–∏—Ç–µ–ª—å—Å–∫–∏–π —Å–µ–∫—Ç–æ—Ä","–ñ–∏–ª–∏—â–Ω–æ–µ —Å—Ç—Ä–æ–∏—Ç–µ–ª—å—Å—Ç–≤–æ","4"
"üá∫üá∏ –°–®–ê","Cara Therapeutics","CARA","https://t.me/usamarke1/2257",NA,NA,2021-05-31,NA,NA,"–ó–¥—Ä–∞–≤–æ–æ—Ö—Ä–∞–Ω–µ–Ω–∏–µ","–ë–∏–æ—Ç–µ—Ö–Ω–æ–ª–æ–≥–∏–∏","4"
"üá∫üá∏ –°–®–ê","Kopin Corp","KOPN","https://t.me/usamarke1/2357",NA,"https://t.me/usamarke1/2357",2021-06-23,NA,2021-06-23,"–¢–µ—Ö–Ω–æ–ª–æ–≥–∏–∏","–≠–ª–µ–∫—Ç—Ä–æ–Ω–Ω—ã–µ –∫–æ–º–ø–æ–Ω–µ–Ω—Ç—ã","New"
"üá∫üá∏ –°–®–ê","CarParts.com","PRTS","https://t.me/usamarke1/2699",NA,"https://t.me/usamarke1/2383",2021-09-03,NA,2021-06-29,"–¶–∏–∫–ª–∏—á–µ—Å–∫–∏–π –ø–æ—Ç—Ä–µ–±–∏—Ç–µ–ª—å—Å–∫–∏–π —Å–µ–∫—Ç–æ—Ä","–†–æ–∑–Ω–∏—á–Ω–∞—è —Ç–æ—Ä–≥–æ–≤–ª—è —á–µ—Ä–µ–∑ –ò–Ω—Ç–µ—Ä–Ω–µ—Ç","3"
"üá∫üá∏ –°–®–ê","Carrier global","CARR","https://t.me/usamarke1/1832",NA,NA,2021-02-22,NA,NA,"–ü—Ä–æ–º—ã—à–ª–µ–Ω–Ω–æ—Å—Ç—å","–°—Ç—Ä–æ–∏—Ç–µ–ª—å–Ω—ã–µ —Ç–æ–≤–∞—Ä—ã –∏ –æ–±–æ—Ä—É–¥–æ–≤–∞–Ω–∏–µ","3"
"üá∫üá∏ –°–®–ê","Cassava Sciences","SAVA","https://t.me/usamarke1/2388",NA,"https://t.me/usamarke1/2388",2021-06-30,NA,2021-06-30,"–ó–¥—Ä–∞–≤–æ–æ—Ö—Ä–∞–Ω–µ–Ω–∏–µ","–ë–∏–æ—Ç–µ—Ö–Ω–æ–ª–æ–≥–∏–∏","New"
"üá∫üá∏ –°–®–ê","Caterpillar","CAT","https://t.me/usamarke1/1329",NA,NA,2020-10-29,NA,NA,"–ü—Ä–æ–º—ã—à–ª–µ–Ω–Ω–æ—Å—Ç—å","–°–µ–ª—å—Å–∫–æ—Ö–æ–∑—è–π—Å—Ç–≤–µ–Ω–Ω–∞—è –∏ —Ç—è–∂–µ–ª–∞—è —Å—Ç—Ä–æ–∏—Ç–µ–ª—å–Ω–∞—è —Ç–µ—Ö–Ω–∏–∫–∞","3"
"üá∫üá∏ –°–®–ê","CEL-SCI Corp","CVM","https://t.me/usamarke1/2330",NA,"https://t.me/usamarke1/2330",2021-06-17,NA,2021-06-17,"–ó–¥—Ä–∞–≤–æ–æ—Ö—Ä–∞–Ω–µ–Ω–∏–µ","–ë–∏–æ—Ç–µ—Ö–Ω–æ–ª–æ–≥–∏–∏","New"
"üá∫üá∏ –°–®–ê","Chart Industries","GTLS","https://t.me/usamarke1/1432",NA,NA,2020-11-19,NA,NA,"–ü—Ä–æ–º—ã—à–ª–µ–Ω–Ω–æ—Å—Ç—å","–°–ø–µ—Ü–∏–∞–ª–∏–∑–∏—Ä–æ–≤–∞–Ω–Ω–æ–µ –ø—Ä–æ–º—ã—à–ª–µ–Ω–Ω–æ–µ –æ–±–æ—Ä—É–¥–æ–≤–∞–Ω–∏–µ","3"
"üá∫üá∏ –°–®–ê","Lennar","LEN","https://t.me/usamarke1/1141",NA,NA,2020-09-17,NA,NA,"–¶–∏–∫–ª–∏—á–µ—Å–∫–∏–π –ø–æ—Ç—Ä–µ–±–∏—Ç–µ–ª—å—Å–∫–∏–π —Å–µ–∫—Ç–æ—Ä","–ñ–∏–ª–∏—â–Ω–æ–µ —Å—Ç—Ä–æ–∏—Ç–µ–ª—å—Å—Ç–≤–æ","4"
"üá∫üá∏ –°–®–ê","Chegg","CHGG","https://t.me/usamarke1/1898",NA,NA,2021-03-09,NA,NA,"–¶–∏–∫–ª–∏—á–µ—Å–∫–∏–π –ø–æ—Ç—Ä–µ–±–∏—Ç–µ–ª—å—Å–∫–∏–π —Å–µ–∫—Ç–æ—Ä","–£—Å–ª—É–≥–∏ –≤ –æ–±–ª–∞—Å—Ç–∏ –æ–±—Ä–∞–∑–æ–≤–∞–Ω–∏—è –∏ –æ–±—É—á–µ–Ω–∏—è","2"
"üá∫üá∏ –°–®–ê","ChemoCentryx","CCXI","https://t.me/usamarke1/2487",NA,NA,2021-07-21,NA,NA,"–ó–¥—Ä–∞–≤–æ–æ—Ö—Ä–∞–Ω–µ–Ω–∏–µ","–ë–∏–æ—Ç–µ—Ö–Ω–æ–ª–æ–≥–∏–∏","3"
"üá∫üá∏ –°–®–ê","Chevron","CVX","https://t.me/usamarke1/2755",NA,NA,2021-09-15,NA,NA,"–≠–Ω–µ—Ä–≥–µ—Ç–∏–∫–∞","–ù–µ—Ñ—Ç–µ–≥–∞–∑–æ–≤–∞—è –ø—Ä–æ–º—ã—à–ª–µ–Ω–Ω–æ—Å—Ç—å","3"
"üá∫üá∏ –°–®–ê","Chewy","CHWY","https://t.me/usamarke1/2055",NA,NA,2021-04-13,NA,NA,"–¶–∏–∫–ª–∏—á–µ—Å–∫–∏–π –ø–æ—Ç—Ä–µ–±–∏—Ç–µ–ª—å—Å–∫–∏–π —Å–µ–∫—Ç–æ—Ä","–†–æ–∑–Ω–∏—á–Ω–∞—è —Ç–æ—Ä–≥–æ–≤–ª—è —á–µ—Ä–µ–∑ –ò–Ω—Ç–µ—Ä–Ω–µ—Ç","4"
"üá∫üá∏ –°–®–ê","Chipotle Mexican","CMG","https://t.me/usamarke1/1966",NA,NA,2021-03-25,NA,NA,"–¶–∏–∫–ª–∏—á–µ—Å–∫–∏–π –ø–æ—Ç—Ä–µ–±–∏—Ç–µ–ª—å—Å–∫–∏–π —Å–µ–∫—Ç–æ—Ä","–†–µ—Å—Ç–æ—Ä–∞–Ω—ã","3"
"üá∫üá∏ –°–®–ê","Cisco","CSCO","https://t.me/usamarke1/779","https://t.me/usamarke1/779",NA,2020-07-14,2020-07-14,NA,"–¢–µ—Ö–Ω–æ–ª–æ–≥–∏–∏","–û–±–æ—Ä—É–¥–æ–≤–∞–Ω–∏–µ —Å–≤—è–∑–∏","4"
"üá∫üá∏ –°–®–ê","Citigroup","C","https://t.me/usamarke1/2788",NA,NA,2021-09-22,NA,NA,"–§–∏–Ω–∞–Ω—Å–æ–≤—ã–π","–ë–∞–Ω–∫–∏ - –¥–∏–≤–µ—Ä—Å–∏—Ñ–∏—Ü–∏—Ä–æ–≤–∞–Ω–Ω—ã–µ","2"
"üá∫üá∏ –°–®–ê","CleanSpark","CLSK","https://t.me/usamarke1/2330",NA,"https://t.me/usamarke1/2330",2021-06-17,NA,2021-06-17,"–¢–µ—Ö–Ω–æ–ª–æ–≥–∏–∏","–ü—Ä–æ–≥—Ä–∞–º–º–Ω–æ–µ –æ–±–µ—Å–ø–µ—á–µ–Ω–∏–µ - –∏–Ω—Ñ—Ä–∞—Å—Ç—Ä—É–∫—Ç—É—Ä–∞","New"
"üá∫üá∏ –°–®–ê","Clorox","CLX","https://t.me/usamarke1/1430",NA,NA,2020-11-19,NA,NA,"–ö–æ–Ω—Å–µ—Ä–≤–∞—Ç–∏–≤–Ω—ã–π –ø–æ—Ç—Ä–µ–±–∏—Ç–µ–ª—å—Å–∫–∏–π —Å–µ–∫—Ç–æ—Ä","–ë—ã—Ç–æ–≤—ã–µ –∏ –ª–∏—á–Ω—ã–µ —Ç–æ–≤–∞—Ä—ã","3"
"üá∫üá∏ –°–®–ê","Clover Health Investments","CLOV","https://t.me/usamarke1/2324",NA,"https://t.me/usamarke1/2324",2021-06-16,NA,2021-06-16,"–ó–¥—Ä–∞–≤–æ–æ—Ö—Ä–∞–Ω–µ–Ω–∏–µ","–ü–ª–∞–Ω—ã –∑–¥—Ä–∞–≤–æ–æ—Ö—Ä–∞–Ω–µ–Ω–∏—è","New"
"üá∫üá∏ –°–®–ê","Coca-Cola","KO","https://t.me/usamarke1/1471",NA,NA,2020-11-27,NA,NA,"–ö–æ–Ω—Å–µ—Ä–≤–∞—Ç–∏–≤–Ω—ã–π –ø–æ—Ç—Ä–µ–±–∏—Ç–µ–ª—å—Å–∫–∏–π —Å–µ–∫—Ç–æ—Ä","–ù–∞–ø–∏—Ç–∫–∏ - –±–µ–∑–∞–ª–∫–æ–≥–æ–ª—å–Ω—ã–µ","2"
"üá∫üá∏ –°–®–ê","Coinbase","COIN","https://t.me/usamarke1/2251",NA,NA,2021-05-29,NA,NA,"–¢–µ—Ö–Ω–æ–ª–æ–≥–∏–∏","–ü—Ä–æ–≥—Ä–∞–º–º–Ω–æ–µ –æ–±–µ—Å–ø–µ—á–µ–Ω–∏–µ - –ø—Ä–∏–ª–æ–∂–µ–Ω–∏—è","2"
"üá∫üá∏ –°–®–ê","Comcast","CMCSA","https://t.me/usamarke1/1203",NA,NA,2020-10-04,NA,NA,"–ö–æ–º–º—É–Ω–∏–∫–∞—Ü–∏–æ–Ω–Ω—ã–µ —É—Å–ª—É–≥–∏","–†–∞–∑–≤–ª–µ—á–µ–Ω–∏—è","2"
"üá∫üá∏ –°–®–ê","ContextLogic","WISH","https://t.me/usamarke1/1852","https://t.me/usamarke1/1852",NA,2021-02-26,2021-02-26,NA,"–¶–∏–∫–ª–∏—á–µ—Å–∫–∏–π –ø–æ—Ç—Ä–µ–±–∏—Ç–µ–ª—å—Å–∫–∏–π —Å–µ–∫—Ç–æ—Ä","–†–æ–∑–Ω–∏—á–Ω–∞—è —Ç–æ—Ä–≥–æ–≤–ª—è —á–µ—Ä–µ–∑ –ò–Ω—Ç–µ—Ä–Ω–µ—Ç","3"
"üá∫üá∏ –°–®–ê","Corcept Therapeutics","CORT","https://t.me/usamarke1/2380",NA,NA,2021-06-28,NA,NA,"–ó–¥—Ä–∞–≤–æ–æ—Ö—Ä–∞–Ω–µ–Ω–∏–µ","–ë–∏–æ—Ç–µ—Ö–Ω–æ–ª–æ–≥–∏–∏","3"
"üá∫üá∏ –°–®–ê","Corning","GLW","https://t.me/usamarke1/2277",NA,NA,2021-06-04,NA,NA,"–¢–µ—Ö–Ω–æ–ª–æ–≥–∏–∏","–≠–ª–µ–∫—Ç—Ä–æ–Ω–Ω—ã–µ –∫–æ–º–ø–æ–Ω–µ–Ω—Ç—ã","4"
"üá∫üá∏ –°–®–ê","Corsair Gaming","CRSR","https://t.me/usamarke1/2813",NA,"https://t.me/usamarke1/2655",2021-09-27,NA,2021-08-25,"–¢–µ—Ö–Ω–æ–ª–æ–≥–∏–∏","–ö–æ–º–ø—å—é—Ç–µ—Ä–Ω–æ–µ –æ–±–æ—Ä—É–¥–æ–≤–∞–Ω–∏–µ","4"
"üá∫üá∏ –°–®–ê","CoStar Group","CSGP","https://t.me/usamarke1/2750",NA,NA,2021-09-14,NA,NA,"–ù–µ–¥–≤–∏–∂–∏–º–æ—Å—Ç—å","–£—Å–ª—É–≥–∏ –≤ —Å—Ñ–µ—Ä–µ –Ω–µ–¥–≤–∏–∂–∏–º–æ—Å—Ç–∏","4"
"üá∫üá∏ –°–®–ê","Costco","COST","https://t.me/usamarke1/1171",NA,NA,2020-09-25,NA,NA,"–ö–æ–Ω—Å–µ—Ä–≤–∞—Ç–∏–≤–Ω—ã–π –ø–æ—Ç—Ä–µ–±–∏—Ç–µ–ª—å—Å–∫–∏–π —Å–µ–∫—Ç–æ—Ä","–î–∏—Å–∫–æ–Ω—Ç–Ω—ã–µ –º–∞–≥–∞–∑–∏–Ω—ã","4"
"üá∫üá∏ –°–®–ê","Merck","MRK","https://t.me/usamarke1/2232",NA,NA,2021-05-25,NA,NA,"–ó–¥—Ä–∞–≤–æ–æ—Ö—Ä–∞–Ω–µ–Ω–∏–µ","–ü—Ä–æ–∏–∑–≤–æ–¥–∏—Ç–µ–ª–∏ –ª–µ–∫–∞—Ä—Å—Ç–≤ - –æ–±—â–∏–µ","4"
"üá∫üá∏ –°–®–ê","Coursera","COUR","https://t.me/usamarke1/2423",NA,NA,2021-07-07,NA,NA,"–ö–æ–Ω—Å–µ—Ä–≤–∞—Ç–∏–≤–Ω—ã–π –ø–æ—Ç—Ä–µ–±–∏—Ç–µ–ª—å—Å–∫–∏–π —Å–µ–∫—Ç–æ—Ä","–£—Å–ª—É–≥–∏ –≤ –æ–±–ª–∞—Å—Ç–∏ –æ–±—Ä–∞–∑–æ–≤–∞–Ω–∏—è –∏ –æ–±—É—á–µ–Ω–∏—è","4"
"üá∫üá∏ –°–®–ê","Cowen","COWN","https://t.me/usamarke1/2330",NA,"https://t.me/usamarke1/2330",2021-06-17,NA,2021-06-17,"–§–∏–Ω–∞–Ω—Å–æ–≤—ã–π","–†—ã–Ω–∫–∏ –∫–∞–ø–∏—Ç–∞–ª–∞","New"
"üá∫üá∏ –°–®–ê","Microsoft","MSFT","https://t.me/usamarke1/2377",NA,NA,2021-06-27,NA,NA,"–¢–µ—Ö–Ω–æ–ª–æ–≥–∏–∏","–ü—Ä–æ–≥—Ä–∞–º–º–Ω–æ–µ –æ–±–µ—Å–ø–µ—á–µ–Ω–∏–µ - –∏–Ω—Ñ—Ä–∞—Å—Ç—Ä—É–∫—Ç—É—Ä–∞","5"
"üá∫üá∏ –°–®–ê","CrowdStrike Holdings","CRWD","https://t.me/usamarke1/2711",NA,NA,2021-09-06,NA,NA,"–¢–µ—Ö–Ω–æ–ª–æ–≥–∏–∏","–ü—Ä–æ–≥—Ä–∞–º–º–Ω–æ–µ –æ–±–µ—Å–ø–µ—á–µ–Ω–∏–µ - –∏–Ω—Ñ—Ä–∞—Å—Ç—Ä—É–∫—Ç—É—Ä–∞","4"
"üá∫üá∏ –°–®–ê","Danaher","DHR","https://t.me/usamarke1/1226",NA,NA,2020-10-09,NA,NA,"–ó–¥—Ä–∞–≤–æ–æ—Ö—Ä–∞–Ω–µ–Ω–∏–µ","–î–∏–∞–≥–Ω–æ—Å—Ç–∏–∫–∞ –∏ –∏—Å—Å–ª–µ–¥–æ–≤–∞–Ω–∏—è","4"
"üá∫üá∏ –°–®–ê","Darden Restaurants","DRI","https://t.me/usamarke1/1159",NA,NA,2020-09-23,NA,NA,"–¶–∏–∫–ª–∏—á–µ—Å–∫–∏–π –ø–æ—Ç—Ä–µ–±–∏—Ç–µ–ª—å—Å–∫–∏–π —Å–µ–∫—Ç–æ—Ä","–†–µ—Å—Ç–æ—Ä–∞–Ω—ã","2"
"üá∫üá∏ –°–®–ê","Deere & Company","DE","https://t.me/usamarke1/1703",NA,NA,2021-01-20,NA,NA,"–ü—Ä–æ–º—ã—à–ª–µ–Ω–Ω–æ—Å—Ç—å","–°–µ–ª—å—Å–∫–æ—Ö–æ–∑—è–π—Å—Ç–≤–µ–Ω–Ω–∞—è –∏ —Ç—è–∂–µ–ª–∞—è —Å—Ç—Ä–æ–∏—Ç–µ–ª—å–Ω–∞—è —Ç–µ—Ö–Ω–∏–∫–∞","3"
"üá∫üá∏ –°–®–ê","Monster Beverage","MNST","https://t.me/usamarke1/2296",NA,NA,2021-06-09,NA,NA,"–ö–æ–Ω—Å–µ—Ä–≤–∞—Ç–∏–≤–Ω—ã–π –ø–æ—Ç—Ä–µ–±–∏—Ç–µ–ª—å—Å–∫–∏–π —Å–µ–∫—Ç–æ—Ä","–ù–∞–ø–∏—Ç–∫–∏ - –±–µ–∑–∞–ª–∫–æ–≥–æ–ª—å–Ω—ã–µ","4"
"üá∫üá∏ –°–®–ê","Dell","DELL","https://t.me/usamarke1/1058",NA,NA,2020-09-01,NA,NA,"–¢–µ—Ö–Ω–æ–ª–æ–≥–∏–∏","–ö–æ–º–ø—å—é—Ç–µ—Ä–Ω–æ–µ –æ–±–æ—Ä—É–¥–æ–≤–∞–Ω–∏–µ","3"
"üá∫üá∏ –°–®–ê","DermTech","DMTK","https://t.me/usamarke1/2336",NA,"https://t.me/usamarke1/2336",2021-06-18,NA,2021-06-18,"–ó–¥—Ä–∞–≤–æ–æ—Ö—Ä–∞–Ω–µ–Ω–∏–µ","–î–∏–∞–≥–Ω–æ—Å—Ç–∏–∫–∞ –∏ –∏—Å—Å–ª–µ–¥–æ–≤–∞–Ω–∏—è","New"
"üá∫üá∏ –°–®–ê","Digital Realty Trust","DLR","https://t.me/usamarke1/1229",NA,NA,2020-10-09,NA,NA,"–ù–µ–¥–≤–∏–∂–∏–º–æ—Å—Ç—å","–û—Ñ–∏—Å","4"
"üá∫üá∏ –°–®–ê","Digital Turbine","APPS","https://t.me/usamarke1/2667",NA,NA,2021-08-27,NA,NA,"–¢–µ—Ö–Ω–æ–ª–æ–≥–∏–∏","–ü—Ä–æ–≥—Ä–∞–º–º–Ω–æ–µ –æ–±–µ—Å–ø–µ—á–µ–Ω–∏–µ - –ø—Ä–∏–ª–æ–∂–µ–Ω–∏—è","4"
"üá∫üá∏ –°–®–ê","Disney","DIS","https://t.me/usamarke1/2300",NA,NA,2021-06-10,NA,NA,"–ö–æ–º–º—É–Ω–∏–∫–∞—Ü–∏–æ–Ω–Ω—ã–µ —É—Å–ª—É–≥–∏","–†–∞–∑–≤–ª–µ—á–µ–Ω–∏—è","3"
"üá∫üá∏ –°–®–ê","DocuSign","DOCU","https://t.me/usamarke1/1186","https://t.me/usamarke1/1891",NA,2020-09-30,2021-03-08,NA,"–¢–µ—Ö–Ω–æ–ª–æ–≥–∏–∏","–ü—Ä–æ–≥—Ä–∞–º–º–Ω–æ–µ –æ–±–µ—Å–ø–µ—á–µ–Ω–∏–µ - –ø—Ä–∏–ª–æ–∂–µ–Ω–∏—è","4"
"üá∫üá∏ –°–®–ê","Doordash","DASH","https://t.me/usamarke1/2123",NA,NA,2021-04-29,NA,NA,"–¶–∏–∫–ª–∏—á–µ—Å–∫–∏–π –ø–æ—Ç—Ä–µ–±–∏—Ç–µ–ª—å—Å–∫–∏–π —Å–µ–∫—Ç–æ—Ä","–ò–Ω—Ç–µ—Ä–Ω–µ—Ç-–∫–æ–Ω—Ç–µ–Ω—Ç –∏ –∏–Ω—Ñ–æ—Ä–º–∞—Ü–∏—è","3"
"üá∫üá∏ –°–®–ê","DoubleVerify Holdings","DV","https://t.me/usamarke1/2660",NA,"https://t.me/usamarke1/2660",2021-08-26,NA,2021-08-26,"–¢–µ—Ö–Ω–æ–ª–æ–≥–∏–∏","–ü—Ä–æ–≥—Ä–∞–º–º–Ω–æ–µ –æ–±–µ—Å–ø–µ—á–µ–Ω–∏–µ - –ø—Ä–∏–ª–æ–∂–µ–Ω–∏—è","New"
"üá∫üá∏ –°–®–ê","Doximity","DOCS","https://t.me/usamarke1/2481",NA,"https://t.me/usamarke1/2481",2021-07-20,NA,2021-07-20,"–ó–¥—Ä–∞–≤–æ–æ—Ö—Ä–∞–Ω–µ–Ω–∏–µ","–ò–Ω—Ñ–æ—Ä–º–∞—Ü–∏–æ–Ω–Ω—ã–µ —É—Å–ª—É–≥–∏ –≤ –æ–±–ª–∞—Å—Ç–∏ –∑–¥—Ä–∞–≤–æ–æ—Ö—Ä–∞–Ω–µ–Ω–∏—è","New"
"üá∫üá∏ –°–®–ê","Dr Horton","DHI","https://t.me/usamarke1/1759","https://t.me/usamarke1/1759",NA,2021-02-05,2021-02-05,NA,"–¶–∏–∫–ª–∏—á–µ—Å–∫–∏–π –ø–æ—Ç—Ä–µ–±–∏—Ç–µ–ª—å—Å–∫–∏–π —Å–µ–∫—Ç–æ—Ä","–ñ–∏–ª–∏—â–Ω–æ–µ —Å—Ç—Ä–æ–∏—Ç–µ–ª—å—Å—Ç–≤–æ","5"
"üá∫üá∏ –°–®–ê","DraftKings","DKNG","https://t.me/usamarke1/2290",NA,NA,2021-06-08,NA,NA,"–¶–∏–∫–ª–∏—á–µ—Å–∫–∏–π –ø–æ—Ç—Ä–µ–±–∏—Ç–µ–ª—å—Å–∫–∏–π —Å–µ–∫—Ç–æ—Ä","–ê–∑–∞—Ä—Ç–Ω—ã–µ –∏–≥—Ä—ã","3"
"üá∫üá∏ –°–®–ê","Dropbox","DBX","https://t.me/usamarke1/749","https://t.me/usamarke1/749",NA,2020-07-09,2020-07-09,NA,"–¢–µ—Ö–Ω–æ–ª–æ–≥–∏–∏","–ü—Ä–æ–≥—Ä–∞–º–º–Ω–æ–µ –æ–±–µ—Å–ø–µ—á–µ–Ω–∏–µ - –∏–Ω—Ñ—Ä–∞—Å—Ç—Ä—É–∫—Ç—É—Ä–∞","4"
"üá∫üá∏ –°–®–ê","Eargo","EAR","https://t.me/usamarke1/2807",NA,"https://t.me/usamarke1/2336",2021-09-26,NA,2021-06-18,"–ó–¥—Ä–∞–≤–æ–æ—Ö—Ä–∞–Ω–µ–Ω–∏–µ","–ú–µ–¥–∏—Ü–∏–Ω—Å–∫–∏–µ –ø—Ä–∏–±–æ—Ä—ã","1"
"üá∫üá∏ –°–®–ê","10x Genomics","TXG","https://t.me/usamarke1/2049",NA,NA,2021-04-12,NA,NA,"–ó–¥—Ä–∞–≤–æ–æ—Ö—Ä–∞–Ω–µ–Ω–∏–µ","–ò–Ω—Ñ–æ—Ä–º–∞—Ü–∏–æ–Ω–Ω—ã–µ —É—Å–ª—É–≥–∏ –≤ –æ–±–ª–∞—Å—Ç–∏ –∑–¥—Ä–∞–≤–æ–æ—Ö—Ä–∞–Ω–µ–Ω–∏—è","4"
"üá∫üá∏ –°–®–ê","3M","MMM","https://t.me/usamarke1/2602",NA,NA,2021-08-12,NA,NA,"–ü—Ä–æ–º—ã—à–ª–µ–Ω–Ω–æ—Å—Ç—å","–°–ø–µ—Ü–∏–∞–ª–∏–∑–∏—Ä–æ–≤–∞–Ω–Ω–æ–µ –ø—Ä–æ–º—ã—à–ª–µ–Ω–Ω–æ–µ –æ–±–æ—Ä—É–¥–æ–≤–∞–Ω–∏–µ","3"
"üá∫üá∏ –°–®–ê","Abbott Laboratories","ABT","https://t.me/usamarke1/2469",NA,NA,2021-07-16,NA,NA,"–ó–¥—Ä–∞–≤–æ–æ—Ö—Ä–∞–Ω–µ–Ω–∏–µ","–ú–µ–¥–∏—Ü–∏–Ω—Å–∫–∏–µ –ø—Ä–∏–±–æ—Ä—ã","5"
"üá∫üá∏ –°–®–ê","AbbVie","ABBV","https://t.me/usamarke1/2193",NA,NA,2021-05-16,NA,NA,"–ó–¥—Ä–∞–≤–æ–æ—Ö—Ä–∞–Ω–µ–Ω–∏–µ","–ü—Ä–æ–∏–∑–≤–æ–¥–∏—Ç–µ–ª–∏ –ª–µ–∫–∞—Ä—Å—Ç–≤ - –æ–±—â–∏–µ","4"
"üá∫üá∏ –°–®–ê","Academy Sports and Outdoors","ASO","https://t.me/usamarke1/2319",NA,"https://t.me/usamarke1/2319",2021-06-15,NA,2021-06-15,"–¶–∏–∫–ª–∏—á–µ—Å–∫–∏–π –ø–æ—Ç—Ä–µ–±–∏—Ç–µ–ª—å—Å–∫–∏–π —Å–µ–∫—Ç–æ—Ä","–°–ø–µ—Ü–∏–∞–ª–∏–∑–∏—Ä–æ–≤–∞–Ω–Ω–∞—è —Ä–æ–∑–Ω–∏—á–Ω–∞—è —Ç–æ—Ä–≥–æ–≤–ª—è","New"
"üá∫üá∏ –°–®–ê","Acadia","ACAD","https://t.me/usamarke1/1375",NA,NA,2020-11-07,NA,NA,"–ó–¥—Ä–∞–≤–æ–æ—Ö—Ä–∞–Ω–µ–Ω–∏–µ","–ë–∏–æ—Ç–µ—Ö–Ω–æ–ª–æ–≥–∏–∏","3"
"üá∫üá∏ –°–®–ê","Envestnet","ENV","https://t.me/usamarke1/1032",NA,NA,2020-08-28,NA,NA,"–¢–µ—Ö–Ω–æ–ª–æ–≥–∏–∏","–ü—Ä–æ–≥—Ä–∞–º–º–Ω–æ–µ –æ–±–µ—Å–ø–µ—á–µ–Ω–∏–µ - –ø—Ä–∏–ª–æ–∂–µ–Ω–∏—è","3"
"üá∫üá∏ –°–®–ê","ACM Research","ACMR","https://t.me/usamarke1/2650",NA,NA,2021-08-24,NA,NA,"–¢–µ—Ö–Ω–æ–ª–æ–≥–∏–∏","–ü–æ–ª—É–ø—Ä–æ–≤–æ–¥–Ω–∏–∫–æ–≤–æ–µ –æ–±–æ—Ä—É–¥–æ–≤–∞–Ω–∏–µ –∏ –º–∞—Ç–µ—Ä–∏–∞–ª—ã","4"
"üá∫üá∏ –°–®–ê","Everquote","EVER","https://t.me/usamarke1/1972","https://t.me/usamarke1/1972",NA,2021-03-27,2021-03-27,NA,"–ö–æ–º–º—É–Ω–∏–∫–∞—Ü–∏–æ–Ω–Ω—ã–µ —É—Å–ª—É–≥–∏","–ò–Ω—Ç–µ—Ä–Ω–µ—Ç-–∫–æ–Ω—Ç–µ–Ω—Ç –∏ –∏–Ω—Ñ–æ—Ä–º–∞—Ü–∏—è","5"
"üá∫üá∏ –°–®–ê","Adobe","ADBE","https://t.me/usamarke1/1132","https://t.me/usamarke1/2020",NA,2020-09-16,2021-04-06,NA,"–¢–µ—Ö–Ω–æ–ª–æ–≥–∏–∏","–ü—Ä–æ–≥—Ä–∞–º–º–Ω–æ–µ –æ–±–µ—Å–ø–µ—á–µ–Ω–∏–µ - –∏–Ω—Ñ—Ä–∞—Å—Ç—Ä—É–∫—Ç—É—Ä–∞","5"
"üá∫üá∏ –°–®–ê","Aerie Pharma","AERI","https://t.me/usamarke1/1152",NA,NA,2020-09-21,NA,NA,"–ó–¥—Ä–∞–≤–æ–æ—Ö—Ä–∞–Ω–µ–Ω–∏–µ","–ü—Ä–æ–∏–∑–≤–æ–¥–∏—Ç–µ–ª–∏ –ª–µ–∫–∞—Ä—Å—Ç–≤ - —Å–ø–µ—Ü–∏–∞–ª–∏–∑–∏—Ä–æ–≤–∞–Ω–Ω—ã–µ –∏ –≥–µ–Ω–µ—Ä–∏—á–µ—Å–∫–∏–µ","2"
"üá∫üá∏ –°–®–ê","AeroVironment","AVAV","https://t.me/usamarke1/1575",NA,NA,2020-12-18,NA,NA,"–ü—Ä–æ–º—ã—à–ª–µ–Ω–Ω–æ—Å—Ç—å","–ê—ç—Ä–æ–∫–æ—Å–º–∏—á–µ—Å–∫–∞—è –∏ –æ–±–æ—Ä–æ–Ω–Ω–∞—è –ø—Ä–æ–º—ã—à–ª–µ–Ω–Ω–æ—Å—Ç—å","4"
"üá∫üá∏ –°–®–ê","Affimed N.V.","AFMD","https://t.me/usamarke1/2314",NA,"https://t.me/usamarke1/2314",2021-06-14,NA,2021-06-14,"–ó–¥—Ä–∞–≤–æ–æ—Ö—Ä–∞–Ω–µ–Ω–∏–µ","–ë–∏–æ—Ç–µ—Ö–Ω–æ–ª–æ–≥–∏–∏","New"
"üá∫üá∏ –°–®–ê","Air Products and Chemicals","APD","https://t.me/usamarke1/1944",NA,NA,2021-03-20,NA,NA,"–ë–∞–∑–æ–≤—ã–µ –º–∞—Ç–µ—Ä–∏–∞–ª—ã","–•–∏–º–∏–∫–∞—Ç—ã","4"
"üá∫üá∏ –°–®–ê","Airbnb","ABNB","https://t.me/usamarke1/1592",NA,NA,2020-12-21,NA,NA,"–¶–∏–∫–ª–∏—á–µ—Å–∫–∏–π –ø–æ—Ç—Ä–µ–±–∏—Ç–µ–ª—å—Å–∫–∏–π —Å–µ–∫—Ç–æ—Ä","–ò–Ω—Ç–µ—Ä–Ω–µ—Ç-–∫–æ–Ω—Ç–µ–Ω—Ç –∏ –∏–Ω—Ñ–æ—Ä–º–∞—Ü–∏—è","4"
"üá∫üá∏ –°–®–ê","Albemarle","ALB","https://t.me/usamarke1/993","https://t.me/usamarke1/993",NA,2020-08-19,2020-08-19,NA,"–ë–∞–∑–æ–≤—ã–µ –º–∞—Ç–µ—Ä–∏–∞–ª—ã","–°–ø–µ—Ü–∏–∞–ª–∏–∑–∏—Ä–æ–≤–∞–Ω–Ω–∞—è —Ö–∏–º–∏—è","5"
"üá∫üá∏ –°–®–ê","Fate Therapeutics","FATE","https://t.me/usamarke1/1974",NA,NA,2021-03-28,NA,NA,"–ó–¥—Ä–∞–≤–æ–æ—Ö—Ä–∞–Ω–µ–Ω–∏–µ","–ë–∏–æ—Ç–µ—Ö–Ω–æ–ª–æ–≥–∏–∏","4"
"üá∫üá∏ –°–®–ê","Fedex","FDX","https://t.me/usamarke1/2070",NA,NA,2021-04-16,NA,NA,"–ü—Ä–æ–º—ã—à–ª–µ–Ω–Ω–æ—Å—Ç—å","–ö–æ–º–ø–ª–µ–∫—Å–Ω—ã–µ –≥—Ä—É–∑–æ–ø–µ—Ä–µ–≤–æ–∑–∫–∏ –∏ –ª–æ–≥–∏—Å—Ç–∏–∫–∞","3"
"üá∫üá∏ –°–®–ê","Fisker","FSR","https://t.me/usamarke1/2741",NA,"https://t.me/usamarke1/2741",2021-09-13,NA,2021-09-13,"–¶–∏–∫–ª–∏—á–µ—Å–∫–∏–π –ø–æ—Ç—Ä–µ–±–∏—Ç–µ–ª—å—Å–∫–∏–π —Å–µ–∫—Ç–æ—Ä","–ê–≤—Ç–æ–ø—Ä–æ–∏–∑–≤–æ–¥–∏—Ç–µ–ª–∏","New"
"üá∫üá∏ –°–®–ê","Allstate","ALL","https://t.me/usamarke1/2454",NA,NA,2021-07-13,NA,NA,"–§–∏–Ω–∞–Ω—Å–æ–≤—ã–π","–°—Ç—Ä–∞—Ö–æ–≤–∞–Ω–∏–µ - –∏–º—É—â–µ—Å—Ç–≤–æ –∏ —Å—Ç—Ä–∞—Ö–æ–≤–∞–Ω–∏–µ –æ—Ç –Ω–µ—Å—á–∞—Å—Ç–Ω—ã—Ö —Å–ª—É—á–∞–µ–≤","4"
"üá∫üá∏ –°–®–ê","Alnylam","ALNY","https://t.me/usamarke1/1243",NA,NA,2020-10-13,NA,NA,"–ó–¥—Ä–∞–≤–æ–æ—Ö—Ä–∞–Ω–µ–Ω–∏–µ","–ë–∏–æ—Ç–µ—Ö–Ω–æ–ª–æ–≥–∏–∏","4"
"üá∫üá∏ –°–®–ê","Alphabet","GOOG","https://t.me/usamarke1/1064","https://t.me/usamarke1/1064",NA,2020-09-02,2020-09-02,NA,"–ö–æ–º–º—É–Ω–∏–∫–∞—Ü–∏–æ–Ω–Ω—ã–µ —É—Å–ª—É–≥–∏","–ò–Ω—Ç–µ—Ä–Ω–µ—Ç-–∫–æ–Ω—Ç–µ–Ω—Ç –∏ –∏–Ω—Ñ–æ—Ä–º–∞—Ü–∏—è","5"
"üá∫üá∏ –°–®–ê","Fortinet","FTNT","https://t.me/usamarke1/811","https://t.me/usamarke1/811",NA,2020-07-20,2020-07-20,NA,"–¢–µ—Ö–Ω–æ–ª–æ–≥–∏–∏","–ü—Ä–æ–≥—Ä–∞–º–º–Ω–æ–µ –æ–±–µ—Å–ø–µ—á–µ–Ω–∏–µ - –∏–Ω—Ñ—Ä–∞—Å—Ç—Ä—É–∫—Ç—É—Ä–∞","5"
"üá∫üá∏ –°–®–ê","ALX Oncology Holdings","ALXO","https://t.me/usamarke1/2314",NA,"https://t.me/usamarke1/2314",2021-06-14,NA,2021-06-14,"–ó–¥—Ä–∞–≤–æ–æ—Ö—Ä–∞–Ω–µ–Ω–∏–µ","–ë–∏–æ—Ç–µ—Ö–Ω–æ–ª–æ–≥–∏–∏","New"
"üá∫üá∏ –°–®–ê","Amazon","AMZN","https://t.me/usamarke1/1871",NA,NA,2021-03-03,NA,NA,"–¶–∏–∫–ª–∏—á–µ—Å–∫–∏–π –ø–æ—Ç—Ä–µ–±–∏—Ç–µ–ª—å—Å–∫–∏–π —Å–µ–∫—Ç–æ—Ä","–†–æ–∑–Ω–∏—á–Ω–∞—è —Ç–æ—Ä–≥–æ–≤–ª—è —á–µ—Ä–µ–∑ –ò–Ω—Ç–µ—Ä–Ω–µ—Ç","4"
"üá∫üá∏ –°–®–ê","AMD","AMD","https://t.me/usamarke1/1743",NA,NA,2021-02-01,NA,NA,"–¢–µ—Ö–Ω–æ–ª–æ–≥–∏–∏","–ü–æ–ª—É–ø—Ä–æ–≤–æ–¥–Ω–∏–∫–∏","4"
"üá∫üá∏ –°–®–ê","American Express","AXP","https://t.me/usamarke1/1240",NA,NA,2020-10-13,NA,NA,"–§–∏–Ω–∞–Ω—Å–æ–≤—ã–π","–ö—Ä–µ–¥–∏—Ç–Ω—ã–µ —É—Å–ª—É–≥–∏","3"
"üá∫üá∏ –°–®–ê","G1 Therapeutics","GTHX","https://t.me/usamarke1/2030",NA,NA,2021-04-08,NA,NA,"–ó–¥—Ä–∞–≤–æ–æ—Ö—Ä–∞–Ω–µ–Ω–∏–µ","–ë–∏–æ—Ç–µ—Ö–Ω–æ–ª–æ–≥–∏–∏","4"
"üá∫üá∏ –°–®–ê","Pinterest","PINS","https://t.me/usamarke1/1293",NA,NA,2020-10-23,NA,NA,"–ö–æ–º–º—É–Ω–∏–∫–∞—Ü–∏–æ–Ω–Ω—ã–µ —É—Å–ª—É–≥–∏","–ò–Ω—Ç–µ—Ä–Ω–µ—Ç-–∫–æ–Ω—Ç–µ–Ω—Ç –∏ –∏–Ω—Ñ–æ—Ä–º–∞—Ü–∏—è","4"
"üá∫üá∏ –°–®–ê","Garret Motion","GTX","https://t.me/usamarke1/2433",NA,"https://t.me/usamarke1/2433",2021-07-09,NA,2021-07-09,"–¶–∏–∫–ª–∏—á–µ—Å–∫–∏–π –ø–æ—Ç—Ä–µ–±–∏—Ç–µ–ª—å—Å–∫–∏–π —Å–µ–∫—Ç–æ—Ä","–ê–≤—Ç–æ–∑–∞–ø—á–∞—Å—Ç–∏","New"
"üá∫üá∏ –°–®–ê","General Electric","GE","https://t.me/usamarke1/2517",NA,NA,2021-07-27,NA,NA,"–ü—Ä–æ–º—ã—à–ª–µ–Ω–Ω–æ—Å—Ç—å","–°–ø–µ—Ü–∏–∞–ª–∏–∑–∏—Ä–æ–≤–∞–Ω–Ω–æ–µ –ø—Ä–æ–º—ã—à–ª–µ–Ω–Ω–æ–µ –æ–±–æ—Ä—É–¥–æ–≤–∞–Ω–∏–µ","2"
"üá∫üá∏ –°–®–ê","Analog Devices","ADI","https://t.me/usamarke1/1536",NA,NA,2020-12-10,NA,NA,"–¢–µ—Ö–Ω–æ–ª–æ–≥–∏–∏","–ü–æ–ª—É–ø—Ä–æ–≤–æ–¥–Ω–∏–∫–∏","3"
"üá∫üá∏ –°–®–ê","Gevo","GEVO","https://t.me/usamarke1/2350",NA,"https://t.me/usamarke1/2350",2021-06-22,NA,2021-06-22,"–ë–∞–∑–æ–≤—ã–µ –º–∞—Ç–µ—Ä–∏–∞–ª—ã","–°–ø–µ—Ü–∏–∞–ª–∏–∑–∏—Ä–æ–≤–∞–Ω–Ω–∞—è —Ö–∏–º–∏—è","New"
"üá∫üá∏ –°–®–ê","Gilead","GILD","https://t.me/usamarke1/2272",NA,NA,2021-06-03,NA,NA,"–ó–¥—Ä–∞–≤–æ–æ—Ö—Ä–∞–Ω–µ–Ω–∏–µ","–ü—Ä–æ–∏–∑–≤–æ–¥–∏—Ç–µ–ª–∏ –ª–µ–∫–∞—Ä—Å—Ç–≤ - –æ–±—â–∏–µ","2"
"üá∫üá∏ –°–®–ê","Global Blood Therapeutics","GBT","https://t.me/usamarke1/859","https://t.me/usamarke1/859",NA,2020-07-28,2020-07-28,NA,"–ó–¥—Ä–∞–≤–æ–æ—Ö—Ä–∞–Ω–µ–Ω–∏–µ","–ë–∏–æ—Ç–µ—Ö–Ω–æ–ª–æ–≥–∏–∏","3"
"üá∫üá∏ –°–®–ê","Global Payments","GPN","https://t.me/usamarke1/2744",NA,NA,2021-09-13,NA,NA,"–ü—Ä–æ–º—ã—à–ª–µ–Ω–Ω–æ—Å—Ç—å","–°–ø–µ—Ü–∏–∞–ª–∏–∑–∏—Ä–æ–≤–∞–Ω–Ω—ã–µ –±–∏–∑–Ω–µ—Å-—É—Å–ª—É–≥–∏","3"
"üá∫üá∏ –°–®–ê","Prothena Corp.","PRTA","https://t.me/usamarke1/2373",NA,"https://t.me/usamarke1/2373",2021-06-25,NA,2021-06-25,"–ó–¥—Ä–∞–≤–æ–æ—Ö—Ä–∞–Ω–µ–Ω–∏–µ","–ë–∏–æ—Ç–µ—Ö–Ω–æ–ª–æ–≥–∏–∏","New"
"üá∫üá∏ –°–®–ê","GoodRx Holdings","GDRX","https://t.me/usamarke1/2336",NA,"https://t.me/usamarke1/2336",2021-06-18,NA,2021-06-18,"–ó–¥—Ä–∞–≤–æ–æ—Ö—Ä–∞–Ω–µ–Ω–∏–µ","–ò–Ω—Ñ–æ—Ä–º–∞—Ü–∏–æ–Ω–Ω—ã–µ —É—Å–ª—É–≥–∏ –≤ –æ–±–ª–∞—Å—Ç–∏ –∑–¥—Ä–∞–≤–æ–æ—Ö—Ä–∞–Ω–µ–Ω–∏—è","New"
"üá∫üá∏ –°–®–ê","Graco","GGG","https://t.me/usamarke1/2827",NA,NA,2021-10-01,NA,NA,"–ü—Ä–æ–º—ã—à–ª–µ–Ω–Ω–æ—Å—Ç—å","–°–ø–µ—Ü–∏–∞–ª–∏–∑–∏—Ä–æ–≤–∞–Ω–Ω–æ–µ –ø—Ä–æ–º—ã—à–ª–µ–Ω–Ω–æ–µ –æ–±–æ—Ä—É–¥–æ–≤–∞–Ω–∏–µ","4"
"üá∫üá∏ –°–®–ê","Graphite Bio","GRPH","https://t.me/usamarke1/2655",NA,"https://t.me/usamarke1/2655",2021-08-25,NA,2021-08-25,"–ó–¥—Ä–∞–≤–æ–æ—Ö—Ä–∞–Ω–µ–Ω–∏–µ","–ë–∏–æ—Ç–µ—Ö–Ω–æ–ª–æ–≥–∏–∏","New"
"üá∫üá∏ –°–®–ê","GXO Logistics","GXO","https://t.me/usamarke1/2689",NA,NA,2021-09-01,NA,NA,"–ü—Ä–æ–º—ã—à–ª–µ–Ω–Ω–æ—Å—Ç—å","–°–ø–µ—Ü–∏–∞–ª–∏–∑–∏—Ä–æ–≤–∞–Ω–Ω—ã–µ –±–∏–∑–Ω–µ—Å-—É—Å–ª—É–≥–∏","3"
"üá∫üá∏ –°–®–ê","Qualcomm","QCOM","https://t.me/usamarke1/1890","https://t.me/usamarke1/1890",NA,2021-03-07,2021-03-07,NA,"–¢–µ—Ö–Ω–æ–ª–æ–≥–∏–∏","–ü–æ–ª—É–ø—Ä–æ–≤–æ–¥–Ω–∏–∫–∏","5"
"üá∫üá∏ –°–®–ê","Qualtrics International","XM","https://t.me/usamarke1/2481",NA,"https://t.me/usamarke1/2481",2021-07-20,NA,2021-07-20,"–¢–µ—Ö–Ω–æ–ª–æ–≥–∏–∏","–ü—Ä–æ–≥—Ä–∞–º–º–Ω–æ–µ –æ–±–µ—Å–ø–µ—á–µ–Ω–∏–µ - –ø—Ä–∏–ª–æ–∂–µ–Ω–∏—è","New"
"üá∫üá∏ –°–®–ê","Hibbet Sports","HIBB","https://t.me/usamarke1/2600",NA,"https://t.me/usamarke1/2600",2021-08-12,NA,2021-08-12,"–¶–∏–∫–ª–∏—á–µ—Å–∫–∏–π –ø–æ—Ç—Ä–µ–±–∏—Ç–µ–ª—å—Å–∫–∏–π —Å–µ–∫—Ç–æ—Ä","–°–ø–µ—Ü–∏–∞–ª–∏–∑–∏—Ä–æ–≤–∞–Ω–Ω–∞—è —Ä–æ–∑–Ω–∏—á–Ω–∞—è —Ç–æ—Ä–≥–æ–≤–ª—è","New"
"üá∫üá∏ –°–®–ê","Home Depot","HD","https://t.me/usamarke1/1280",NA,NA,2020-10-21,NA,NA,"–¶–∏–∫–ª–∏—á–µ—Å–∫–∏–π –ø–æ—Ç—Ä–µ–±–∏—Ç–µ–ª—å—Å–∫–∏–π —Å–µ–∫—Ç–æ—Ä","–†–æ–∑–Ω–∏—á–Ω–∞—è —Ç–æ—Ä–≥–æ–≤–ª—è —Ç–æ–≤–∞—Ä–∞–º–∏ –¥–ª—è –¥–æ–º–∞","4"
"üá∫üá∏ –°–®–ê","Honeywell","HON","https://t.me/usamarke1/2160",NA,NA,2021-05-10,NA,NA,"–ü—Ä–æ–º—ã—à–ª–µ–Ω–Ω–æ—Å—Ç—å","–°–ø–µ—Ü–∏–∞–ª–∏–∑–∏—Ä–æ–≤–∞–Ω–Ω–æ–µ –ø—Ä–æ–º—ã—à–ª–µ–Ω–Ω–æ–µ –æ–±–æ—Ä—É–¥–æ–≤–∞–Ω–∏–µ","4"
"üá∫üá∏ –°–®–ê","HP inc.","HPQ","https://t.me/usamarke1/1476",NA,NA,2020-11-28,NA,NA,"–¢–µ—Ö–Ω–æ–ª–æ–≥–∏–∏","–ö–æ–º–ø—å—é—Ç–µ—Ä–Ω–æ–µ –æ–±–æ—Ä—É–¥–æ–≤–∞–Ω–∏–µ","3"
"üá∫üá∏ –°–®–ê","Hyliion Holdings Corp","HYLN","https://t.me/usamarke1/2350",NA,"https://t.me/usamarke1/2350",2021-06-22,NA,2021-06-22,"–¶–∏–∫–ª–∏—á–µ—Å–∫–∏–π –ø–æ—Ç—Ä–µ–±–∏—Ç–µ–ª—å—Å–∫–∏–π —Å–µ–∫—Ç–æ—Ä","–ê–≤—Ç–æ–∑–∞–ø—á–∞—Å—Ç–∏","New"
"üá∫üá∏ –°–®–ê","IAC","IAC","https://t.me/usamarke1/1165",NA,NA,2020-09-24,NA,NA,"–ö–æ–º–º—É–Ω–∏–∫–∞—Ü–∏–æ–Ω–Ω—ã–µ —É—Å–ª—É–≥–∏","–ò–Ω—Ç–µ—Ä–Ω–µ—Ç-–∫–æ–Ω—Ç–µ–Ω—Ç –∏ –∏–Ω—Ñ–æ—Ä–º–∞—Ü–∏—è","3"
"üá∫üá∏ –°–®–ê","Redfin","RDFN","https://t.me/usamarke1/1914",NA,NA,2021-03-13,NA,NA,"–¶–∏–∫–ª–∏—á–µ—Å–∫–∏–π –ø–æ—Ç—Ä–µ–±–∏—Ç–µ–ª—å—Å–∫–∏–π —Å–µ–∫—Ç–æ—Ä","–£—Å–ª—É–≥–∏ –≤ —Å—Ñ–µ—Ä–µ –Ω–µ–¥–≤–∏–∂–∏–º–æ—Å—Ç–∏","4"
"üá∫üá∏ –°–®–ê","Regeneron","REGN","https://t.me/usamarke1/2307",NA,NA,2021-06-11,NA,NA,"–ó–¥—Ä–∞–≤–æ–æ—Ö—Ä–∞–Ω–µ–Ω–∏–µ","–ë–∏–æ—Ç–µ—Ö–Ω–æ–ª–æ–≥–∏–∏","4"
"üá∫üá∏ –°–®–ê","Regenxbio","RGNX","https://t.me/usamarke1/1510",NA,NA,2020-12-05,NA,NA,"–ó–¥—Ä–∞–≤–æ–æ—Ö—Ä–∞–Ω–µ–Ω–∏–µ","–ë–∏–æ—Ç–µ—Ö–Ω–æ–ª–æ–≥–∏–∏","3"
"üá∫üá∏ –°–®–ê","Renewable Energy","REGI","https://t.me/usamarke1/1948",NA,NA,2021-03-21,NA,NA,"–≠–Ω–µ—Ä–≥–µ—Ç–∏–∫–∞","–ü–µ—Ä–µ—Ä–∞–±–æ—Ç–∫–∞ –∏ –º–∞—Ä–∫–µ—Ç–∏–Ω–≥ –Ω–µ—Ñ—Ç–∏ –∏ –≥–∞–∑–∞","3"
"üá∫üá∏ –°–®–ê","Repligen","RGEN","https://t.me/usamarke1/1443",NA,NA,2020-11-23,NA,NA,"–ó–¥—Ä–∞–≤–æ–æ—Ö—Ä–∞–Ω–µ–Ω–∏–µ","–ú–µ–¥–∏—Ü–∏–Ω—Å–∫–∏–µ –∏–Ω—Å—Ç—Ä—É–º–µ–Ω—Ç—ã –∏ –ø—Ä–∏–Ω–∞–¥–ª–µ–∂–Ω–æ—Å—Ç–∏","4"
"üá∫üá∏ –°–®–ê","Revolve","RVLV","https://t.me/usamarke1/1691","https://t.me/usamarke1/1691",NA,2021-01-17,2021-01-17,NA,"–¶–∏–∫–ª–∏—á–µ—Å–∫–∏–π –ø–æ—Ç—Ä–µ–±–∏—Ç–µ–ª—å—Å–∫–∏–π —Å–µ–∫—Ç–æ—Ä","–†–æ–∑–Ω–∏—á–Ω–∞—è —Ç–æ—Ä–≥–æ–≤–ª—è —á–µ—Ä–µ–∑ –ò–Ω—Ç–µ—Ä–Ω–µ—Ç","4"
"üá∫üá∏ –°–®–ê","Marqeta","MQ","https://t.me/usamarke1/2359",NA,NA,2021-06-23,NA,NA,"–¢–µ—Ö–Ω–æ–ª–æ–≥–∏–∏","–ü—Ä–æ–≥—Ä–∞–º–º–Ω–æ–µ –æ–±–µ—Å–ø–µ—á–µ–Ω–∏–µ - –∏–Ω—Ñ—Ä–∞—Å—Ç—Ä—É–∫—Ç—É—Ä–∞","3"
"üá∫üá∏ –°–®–ê","Martin Marietta Materials","MLM","https://t.me/usamarke1/1382",NA,NA,2020-11-09,NA,NA,"–ë–∞–∑–æ–≤—ã–µ –º–∞—Ç–µ—Ä–∏–∞–ª—ã","–°—Ç—Ä–æ–∏—Ç–µ–ª—å–Ω—ã–µ –º–∞—Ç–µ—Ä–∏–∞–ª—ã","4"
"üá∫üá∏ –°–®–ê","Intel","INTC","https://t.me/usamarke1/1391","https://t.me/usamarke1/1028",NA,2020-11-11,2020-08-27,NA,"–¢–µ—Ö–Ω–æ–ª–æ–≥–∏–∏","–ü–æ–ª—É–ø—Ä–æ–≤–æ–¥–Ω–∏–∫–∏","3"
"üá∫üá∏ –°–®–ê","Intellia Therapeutics","NTLA","https://t.me/usamarke1/1902",NA,NA,2021-03-10,NA,NA,"–ó–¥—Ä–∞–≤–æ–æ—Ö—Ä–∞–Ω–µ–Ω–∏–µ","–ë–∏–æ—Ç–µ—Ö–Ω–æ–ª–æ–≥–∏–∏","4"
"üá∫üá∏ –°–®–ê","Inter Public Group","IPG","https://t.me/usamarke1/1224",NA,NA,2020-10-08,NA,NA,"–ö–æ–º–º—É–Ω–∏–∫–∞—Ü–∏–æ–Ω–Ω—ã–µ —É—Å–ª—É–≥–∏","–†–µ–∫–ª–∞–º–Ω—ã–µ –∞–≥–µ–Ω—Ç—Å—Ç–≤–∞","3"
"üá∫üá∏ –°–®–ê","Interactive Brokers","IBKR","https://t.me/usamarke1/1529",NA,NA,2020-12-09,NA,NA,"–§–∏–Ω–∞–Ω—Å–æ–≤—ã–π","–†—ã–Ω–∫–∏ –∫–∞–ø–∏—Ç–∞–ª–∞","3"
"üá∫üá∏ –°–®–ê","Intercontinental Exchange","ICE","https://t.me/usamarke1/2103",NA,NA,2021-04-24,NA,NA,"–§–∏–Ω–∞–Ω—Å–æ–≤—ã–π","–§–∏–Ω–∞–Ω—Å–æ–≤—ã–µ –¥–∞–Ω–Ω—ã–µ –∏ —Ñ–æ–Ω–¥–æ–≤—ã–µ –±–∏—Ä–∂–∏","3"
"üá∫üá∏ –°–®–ê","Intuit","INTU","https://t.me/usamarke1/1442",NA,NA,2020-11-23,NA,NA,"–¢–µ—Ö–Ω–æ–ª–æ–≥–∏–∏","–ü—Ä–æ–≥—Ä–∞–º–º–Ω–æ–µ –æ–±–µ—Å–ø–µ—á–µ–Ω–∏–µ - –ø—Ä–∏–ª–æ–∂–µ–Ω–∏—è","4"
"üá∫üá∏ –°–®–ê","Salesforce","CRM","https://t.me/usamarke1/1277","https://t.me/usamarke1/1990",NA,2020-10-20,2021-03-31,NA,"–¢–µ—Ö–Ω–æ–ª–æ–≥–∏–∏","–ü—Ä–æ–≥—Ä–∞–º–º–Ω–æ–µ –æ–±–µ—Å–ø–µ—á–µ–Ω–∏–µ - –ø—Ä–∏–ª–æ–∂–µ–Ω–∏—è","5"
"üá∫üá∏ –°–®–ê","Iovance Biotherapeutics","IOVA","https://t.me/usamarke1/1814",NA,NA,2021-02-18,NA,NA,"–ó–¥—Ä–∞–≤–æ–æ—Ö—Ä–∞–Ω–µ–Ω–∏–µ","–ë–∏–æ—Ç–µ—Ö–Ω–æ–ª–æ–≥–∏–∏","4"
"üá∫üá∏ –°–®–ê","IPG Photonics","IPGP","https://t.me/usamarke1/1248",NA,NA,2020-10-14,NA,NA,"–¢–µ—Ö–Ω–æ–ª–æ–≥–∏–∏","–ü–æ–ª—É–ø—Ä–æ–≤–æ–¥–Ω–∏–∫–æ–≤–æ–µ –æ–±–æ—Ä—É–¥–æ–≤–∞–Ω–∏–µ –∏ –º–∞—Ç–µ—Ä–∏–∞–ª—ã","3"
"üá∫üá∏ –°–®–ê","iRhythm Technologies","IRTC","https://t.me/usamarke1/2147",NA,NA,2021-05-06,NA,NA,"–ó–¥—Ä–∞–≤–æ–æ—Ö—Ä–∞–Ω–µ–Ω–∏–µ","–ú–µ–¥–∏—Ü–∏–Ω—Å–∫–∏–µ –∏–Ω—Å—Ç—Ä—É–º–µ–Ω—Ç—ã –∏ –ø—Ä–∏–Ω–∞–¥–ª–µ–∂–Ω–æ—Å—Ç–∏","2"
"üá∫üá∏ –°–®–ê","Schrodinger","SDGR","https://t.me/usamarke1/1437",NA,NA,2020-11-20,NA,NA,"–ó–¥—Ä–∞–≤–æ–æ—Ö—Ä–∞–Ω–µ–Ω–∏–µ","–ò–Ω—Ñ–æ—Ä–º–∞—Ü–∏–æ–Ω–Ω—ã–µ —É—Å–ª—É–≥–∏ –≤ –æ–±–ª–∞—Å—Ç–∏ –∑–¥—Ä–∞–≤–æ–æ—Ö—Ä–∞–Ω–µ–Ω–∏—è","3"
"üá∫üá∏ –°–®–ê","Johnson&Johnson","JNJ","https://t.me/usamarke1/1805",NA,NA,2021-02-16,NA,NA,"–ó–¥—Ä–∞–≤–æ–æ—Ö—Ä–∞–Ω–µ–Ω–∏–µ","–ü—Ä–æ–∏–∑–≤–æ–¥–∏—Ç–µ–ª–∏ –ª–µ–∫–∞—Ä—Å—Ç–≤ - –æ–±—â–∏–µ","4"
"üá∫üá∏ –°–®–ê","MSC Industrial","MSM","https://t.me/usamarke1/2499",NA,NA,2021-07-23,NA,NA,"–ü—Ä–æ–º—ã—à–ª–µ–Ω–Ω–æ—Å—Ç—å","–ü—Ä–æ–º—ã—à–ª–µ–Ω–Ω–∞—è –¥–∏—Å—Ç—Ä–∏–±—É—Ü–∏—è","4"
"üá∫üá∏ –°–®–ê","SentinelOne","S","https://t.me/usamarke1/2600",NA,"https://t.me/usamarke1/2600",2021-08-12,NA,2021-08-12,"–¢–µ—Ö–Ω–æ–ª–æ–≥–∏–∏","–ü—Ä–æ–≥—Ä–∞–º–º–Ω–æ–µ –æ–±–µ—Å–ø–µ—á–µ–Ω–∏–µ - –∏–Ω—Ñ—Ä–∞—Å—Ç—Ä—É–∫—Ç—É—Ä–∞","New"
"üá∫üá∏ –°–®–ê","KnowBe4","KNBE","https://t.me/usamarke1/2618",NA,"https://t.me/usamarke1/2618",2021-08-17,NA,2021-08-17,"–¢–µ—Ö–Ω–æ–ª–æ–≥–∏–∏","–ü—Ä–æ–≥—Ä–∞–º–º–Ω–æ–µ –æ–±–µ—Å–ø–µ—á–µ–Ω–∏–µ - –∏–Ω—Ñ—Ä–∞—Å—Ç—Ä—É–∫—Ç—É—Ä–∞","New"
"üá∫üá∏ –°–®–ê","Shake Shack","SHAK","https://t.me/usamarke1/1134",NA,NA,2020-09-16,NA,NA,"–¶–∏–∫–ª–∏—á–µ—Å–∫–∏–π –ø–æ—Ç—Ä–µ–±–∏—Ç–µ–ª—å—Å–∫–∏–π —Å–µ–∫—Ç–æ—Ä","–†–µ—Å—Ç–æ—Ä–∞–Ω—ã","3"
"üá∫üá∏ –°–®–ê","Kratos Defence & Security","KTOS","https://t.me/usamarke1/2767",NA,"https://t.me/usamarke1/2767",2021-09-17,NA,2021-09-17,"–ü—Ä–æ–º—ã—à–ª–µ–Ω–Ω–æ—Å—Ç—å","–ê—ç—Ä–æ–∫–æ—Å–º–∏—á–µ—Å–∫–∞—è –∏ –æ–±–æ—Ä–æ–Ω–Ω–∞—è –ø—Ä–æ–º—ã—à–ª–µ–Ω–Ω–æ—Å—Ç—å","New"
"üá∫üá∏ –°–®–ê","L3Harris","LHX","https://t.me/usamarke1/1073",NA,NA,2020-09-04,NA,NA,"–ü—Ä–æ–º—ã—à–ª–µ–Ω–Ω–æ—Å—Ç—å","–ê—ç—Ä–æ–∫–æ—Å–º–∏—á–µ—Å–∫–∞—è –∏ –æ–±–æ—Ä–æ–Ω–Ω–∞—è –ø—Ä–æ–º—ã—à–ª–µ–Ω–Ω–æ—Å—Ç—å","4"
"üá∫üá∏ –°–®–ê","Lam Research","LRCX","https://t.me/usamarke1/1048",NA,NA,2020-08-31,NA,NA,"–¢–µ—Ö–Ω–æ–ª–æ–≥–∏–∏","–ü–æ–ª—É–ø—Ä–æ–≤–æ–¥–Ω–∏–∫–æ–≤–æ–µ –æ–±–æ—Ä—É–¥–æ–≤–∞–Ω–∏–µ –∏ –º–∞—Ç–µ—Ä–∏–∞–ª—ã","5"
"üá∫üá∏ –°–®–ê","Landstar System","LSTR","https://t.me/usamarke1/2631",NA,NA,2021-08-19,NA,NA,"–ü—Ä–æ–º—ã—à–ª–µ–Ω–Ω–æ—Å—Ç—å","–ö–æ–º–ø–ª–µ–∫—Å–Ω—ã–µ –≥—Ä—É–∑–æ–ø–µ—Ä–µ–≤–æ–∑–∫–∏ –∏ –ª–æ–≥–∏—Å—Ç–∏–∫–∞","3"
"üá∫üá∏ –°–®–ê","Leidos","LDOS","https://t.me/usamarke1/1195",NA,NA,2020-10-02,NA,NA,"–¢–µ—Ö–Ω–æ–ª–æ–≥–∏–∏","–£—Å–ª—É–≥–∏ –≤ –æ–±–ª–∞—Å—Ç–∏ –∏–Ω—Ñ–æ—Ä–º–∞—Ü–∏–æ–Ω–Ω—ã—Ö —Ç–µ—Ö–Ω–æ–ª–æ–≥–∏–π","3"
"üá∫üá∏ –°–®–ê","LendingTree","TREE","https://t.me/usamarke1/2313",NA,NA,2021-06-13,NA,NA,"–§–∏–Ω–∞–Ω—Å–æ–≤—ã–π","–ò–ø–æ—Ç–µ—á–Ω–æ–µ —Ñ–∏–Ω–∞–Ω—Å–∏—Ä–æ–≤–∞–Ω–∏–µ","3"
"üá∫üá∏ –°–®–ê","Skyworks Solutions","SWKS","https://t.me/usamarke1/1174","https://t.me/usamarke1/1775",NA,2020-09-26,2021-02-09,NA,"–¢–µ—Ö–Ω–æ–ª–æ–≥–∏–∏","–ü–æ–ª—É–ø—Ä–æ–≤–æ–¥–Ω–∏–∫–∏","4"
"üá∫üá∏ –°–®–ê","Smartsheet","SMAR","https://t.me/usamarke1/2211",NA,NA,2021-05-20,NA,NA,"–¢–µ—Ö–Ω–æ–ª–æ–≥–∏–∏","–ü—Ä–æ–≥—Ä–∞–º–º–Ω–æ–µ –æ–±–µ—Å–ø–µ—á–µ–Ω–∏–µ - –ø—Ä–∏–ª–æ–∂–µ–Ω–∏—è","4"
"üá∫üá∏ –°–®–ê","LifeStance Health Group","LFST","https://t.me/usamarke1/2716",NA,"https://t.me/usamarke1/2716",2021-09-07,NA,2021-09-07,"–ó–¥—Ä–∞–≤–æ–æ—Ö—Ä–∞–Ω–µ–Ω–∏–µ","–ú–µ–¥–∏—Ü–∏–Ω—Å–∫–∏–µ —É—á—Ä–µ–∂–¥–µ–Ω–∏—è","New"
"üá∫üá∏ –°–®–ê","Snowflake","SNOW","https://t.me/usamarke1/2760",NA,"https://t.me/usamarke1/2760",2021-09-16,NA,2021-09-16,"–¢–µ—Ö–Ω–æ–ª–æ–≥–∏–∏","–ü—Ä–æ–≥—Ä–∞–º–º–Ω–æ–µ –æ–±–µ—Å–ø–µ—á–µ–Ω–∏–µ - –ø—Ä–∏–ª–æ–∂–µ–Ω–∏—è","New"
"üá∫üá∏ –°–®–ê","Livent","LTHM","https://t.me/usamarke1/1061",NA,NA,2020-09-02,NA,NA,"–ë–∞–∑–æ–≤—ã–µ –º–∞—Ç–µ—Ä–∏–∞–ª—ã","–°–ø–µ—Ü–∏–∞–ª–∏–∑–∏—Ä–æ–≤–∞–Ω–Ω–∞—è —Ö–∏–º–∏—è","4"
"üá∫üá∏ –°–®–ê","Lockheed Martin","LMT","https://t.me/usamarke1/1756","https://t.me/usamarke1/1756",NA,2021-02-04,2021-02-04,NA,"–ü—Ä–æ–º—ã—à–ª–µ–Ω–Ω–æ—Å—Ç—å","–ê—ç—Ä–æ–∫–æ—Å–º–∏—á–µ—Å–∫–∞—è –∏ –æ–±–æ—Ä–æ–Ω–Ω–∞—è –ø—Ä–æ–º—ã—à–ª–µ–Ω–Ω–æ—Å—Ç—å","4"
"üá∫üá∏ –°–®–ê","QuantumScape Corp.","QS","https://t.me/usamarke1/2383",NA,"https://t.me/usamarke1/2383",2021-06-29,NA,2021-06-29,"–¶–∏–∫–ª–∏—á–µ—Å–∫–∏–π –ø–æ—Ç—Ä–µ–±–∏—Ç–µ–ª—å—Å–∫–∏–π —Å–µ–∫—Ç–æ—Ä","–ê–≤—Ç–æ–∑–∞–ø—á–∞—Å—Ç–∏","New"
"üá∫üá∏ –°–®–ê","Lordstown Motors Corp","RIDE","https://t.me/usamarke1/2383",NA,"https://t.me/usamarke1/2383",2021-06-29,NA,2021-06-29,"–¶–∏–∫–ª–∏—á–µ—Å–∫–∏–π –ø–æ—Ç—Ä–µ–±–∏—Ç–µ–ª—å—Å–∫–∏–π —Å–µ–∫—Ç–æ—Ä","–ê–≤—Ç–æ–ø—Ä–æ–∏–∑–≤–æ–¥–∏—Ç–µ–ª–∏","New"
"üá∫üá∏ –°–®–ê","Louisiana-Pacific Corporation","LPX","https://t.me/usamarke1/2730",NA,NA,2021-09-09,NA,NA,"–ü—Ä–æ–º—ã—à–ª–µ–Ω–Ω–æ—Å—Ç—å","–°—Ç—Ä–æ–∏—Ç–µ–ª—å–Ω—ã–µ —Ç–æ–≤–∞—Ä—ã –∏ –æ–±–æ—Ä—É–¥–æ–≤–∞–Ω–∏–µ","3"
"üá∫üá∏ –°–®–ê","Lowe`s","LOW","https://t.me/usamarke1/1518",NA,NA,2020-12-07,NA,NA,"–¶–∏–∫–ª–∏—á–µ—Å–∫–∏–π –ø–æ—Ç—Ä–µ–±–∏—Ç–µ–ª—å—Å–∫–∏–π —Å–µ–∫—Ç–æ—Ä","–†–æ–∑–Ω–∏—á–Ω–∞—è —Ç–æ—Ä–≥–æ–≤–ª—è —Ç–æ–≤–∞—Ä–∞–º–∏ –¥–ª—è –¥–æ–º–∞","4"
"üá∫üá∏ –°–®–ê","Unity Software","U","https://t.me/usamarke1/2477",NA,"https://t.me/usamarke1/2399",2021-07-19,NA,2021-07-02,"–¢–µ—Ö–Ω–æ–ª–æ–≥–∏–∏","–ü—Ä–æ–≥—Ä–∞–º–º–Ω–æ–µ –æ–±–µ—Å–ø–µ—á–µ–Ω–∏–µ - –ø—Ä–∏–ª–æ–∂–µ–Ω–∏—è","4"
"üá∫üá∏ –°–®–ê","Luminar Technologies","LAZR","https://t.me/usamarke1/2357",NA,"https://t.me/usamarke1/2357",2021-06-23,NA,2021-06-23,"–¢–µ—Ö–Ω–æ–ª–æ–≥–∏–∏","–ü—Ä–æ–≥—Ä–∞–º–º–Ω–æ–µ –æ–±–µ—Å–ø–µ—á–µ–Ω–∏–µ - –ø—Ä–∏–ª–æ–∂–µ–Ω–∏—è","New"
"üá∫üá∏ –°–®–ê","Square","SQ","https://t.me/usamarke1/2253",NA,NA,2021-05-30,NA,NA,"–¢–µ—Ö–Ω–æ–ª–æ–≥–∏–∏","–ü—Ä–æ–≥—Ä–∞–º–º–Ω–æ–µ –æ–±–µ—Å–ø–µ—á–µ–Ω–∏–µ - –∏–Ω—Ñ—Ä–∞—Å—Ç—Ä—É–∫—Ç—É—Ä–∞","4"
"üá∫üá∏ –°–®–ê","Squarespace","SQSP","https://t.me/usamarke1/2396",NA,NA,2021-07-01,NA,NA,"–¢–µ—Ö–Ω–æ–ª–æ–≥–∏–∏","–ü—Ä–æ–≥—Ä–∞–º–º–Ω–æ–µ –æ–±–µ—Å–ø–µ—á–µ–Ω–∏–µ - –∏–Ω—Ñ—Ä–∞—Å—Ç—Ä—É–∫—Ç—É—Ä–∞","3"
"üá∫üá∏ –°–®–ê","Markel","MKL","https://t.me/usamarke1/1643",NA,NA,2020-12-31,NA,NA,"–§–∏–Ω–∞–Ω—Å–æ–≤—ã–π","–°—Ç—Ä–∞—Ö–æ–≤–∞–Ω–∏–µ - –∏–º—É—â–µ—Å—Ç–≤–æ –∏ —Å—Ç—Ä–∞—Ö–æ–≤–∞–Ω–∏–µ –æ—Ç –Ω–µ—Å—á–∞—Å—Ç–Ω—ã—Ö —Å–ª—É—á–∞–µ–≤","4"
"üá∫üá∏ –°–®–ê","MarketAxess","MKTX","https://t.me/usamarke1/1408",NA,NA,2020-11-15,NA,NA,"–§–∏–Ω–∞–Ω—Å–æ–≤—ã–π","–†—ã–Ω–∫–∏ –∫–∞–ø–∏—Ç–∞–ª–∞","3"
"üá∫üá∏ –°–®–ê","Palantir","PLTR","https://t.me/usamarke1/1941",NA,NA,2021-03-19,NA,NA,"–¢–µ—Ö–Ω–æ–ª–æ–≥–∏–∏","–ü—Ä–æ–≥—Ä–∞–º–º–Ω–æ–µ –æ–±–µ—Å–ø–µ—á–µ–Ω–∏–µ - –∏–Ω—Ñ—Ä–∞—Å—Ç—Ä—É–∫—Ç—É—Ä–∞","4"
"üá∫üá∏ –°–®–ê","Palo Alto","PANW","https://t.me/usamarke1/1962",NA,NA,2021-03-24,NA,NA,"–¢–µ—Ö–Ω–æ–ª–æ–≥–∏–∏","–ü—Ä–æ–≥—Ä–∞–º–º–Ω–æ–µ –æ–±–µ—Å–ø–µ—á–µ–Ω–∏–µ - –∏–Ω—Ñ—Ä–∞—Å—Ç—Ä—É–∫—Ç—É—Ä–∞","4"
"üá∫üá∏ –°–®–ê","MasterCard","MA","https://t.me/usamarke1/1992",NA,NA,2021-03-31,NA,NA,"–§–∏–Ω–∞–Ω—Å–æ–≤—ã–π","–ö—Ä–µ–¥–∏—Ç–Ω—ã–µ —É—Å–ª—É–≥–∏","4"
"üá∫üá∏ –°–®–ê","Stryker","SYK","https://t.me/usamarke1/2722",NA,NA,2021-09-08,NA,NA,"–ó–¥—Ä–∞–≤–æ–æ—Ö—Ä–∞–Ω–µ–Ω–∏–µ","–ú–µ–¥–∏—Ü–∏–Ω—Å–∫–∏–µ –ø—Ä–∏–±–æ—Ä—ã","4"
"üá∫üá∏ –°–®–ê","Sunrun","RUN","https://t.me/usamarke1/2569",NA,"https://t.me/usamarke1/2447",2021-08-05,NA,2021-07-12,"–¢–µ—Ö–Ω–æ–ª–æ–≥–∏–∏","–°–æ–ª–Ω–µ—á–Ω–∞—è —ç–Ω–µ—Ä–≥–∏—è","3"
"üá∫üá∏ –°–®–ê","T-mobile","TMUS","https://t.me/usamarke1/1484",NA,NA,2020-11-30,NA,NA,"–ö–æ–º–º—É–Ω–∏–∫–∞—Ü–∏–æ–Ω–Ω—ã–µ —É—Å–ª—É–≥–∏","–¢–µ–ª–µ–∫–æ–º–º—É–Ω–∏–∫–∞—Ü–∏–æ–Ω–Ω—ã–µ —É—Å–ª—É–≥–∏","4"
"üá∫üá∏ –°–®–ê","Micron","MU","https://t.me/usamarke1/2808","https://t.me/usamarke1/1023",NA,2021-09-26,2020-08-26,NA,"–¢–µ—Ö–Ω–æ–ª–æ–≥–∏–∏","–ü–æ–ª—É–ø—Ä–æ–≤–æ–¥–Ω–∏–∫–∏","4"
"üá∫üá∏ –°–®–ê","Tactile Systems Technology","TCMD","https://t.me/usamarke1/1246",NA,NA,2020-10-14,NA,NA,"–ó–¥—Ä–∞–≤–æ–æ—Ö—Ä–∞–Ω–µ–Ω–∏–µ","–ú–µ–¥–∏—Ü–∏–Ω—Å–∫–∏–µ –ø—Ä–∏–±–æ—Ä—ã","1"
"üá∫üá∏ –°–®–ê","MicroStrategy","MSTR","https://t.me/usamarke1/2201",NA,NA,2021-05-18,NA,NA,"–¢–µ—Ö–Ω–æ–ª–æ–≥–∏–∏","–ü—Ä–æ–≥—Ä–∞–º–º–Ω–æ–µ –æ–±–µ—Å–ø–µ—á–µ–Ω–∏–µ - –ø—Ä–∏–ª–æ–∂–µ–Ω–∏—è","3"
"üá∫üá∏ –°–®–ê","MicroVision","MVIS","https://t.me/usamarke1/2357",NA,"https://t.me/usamarke1/2357",2021-06-23,NA,2021-06-23,"–¢–µ—Ö–Ω–æ–ª–æ–≥–∏–∏","–ù–∞—É—á–Ω—ã–µ –∏ —Ç–µ—Ö–Ω–∏—á–µ—Å–∫–∏–µ –ø—Ä–∏–±–æ—Ä—ã","New"
"üá∫üá∏ –°–®–ê","Moelis","MC","https://t.me/usamarke1/1015",NA,NA,2020-08-24,NA,NA,"–§–∏–Ω–∞–Ω—Å–æ–≤—ã–π","–†—ã–Ω–∫–∏ –∫–∞–ø–∏—Ç–∞–ª–∞","4"
"üá∫üá∏ –°–®–ê","MongoDB","MDB","https://t.me/usamarke1/955","https://t.me/usamarke1/955",NA,2020-08-12,2020-08-12,NA,"–¢–µ—Ö–Ω–æ–ª–æ–≥–∏–∏","–ü—Ä–æ–≥—Ä–∞–º–º–Ω–æ–µ –æ–±–µ—Å–ø–µ—á–µ–Ω–∏–µ - –∏–Ω—Ñ—Ä–∞—Å—Ç—Ä—É–∫—Ç—É—Ä–∞","4"
"üá∫üá∏ –°–®–ê","Teladoc Health","TDOC","https://t.me/usamarke1/1722","https://t.me/usamarke1/1889",NA,2021-01-26,2021-03-07,NA,"–ó–¥—Ä–∞–≤–æ–æ—Ö—Ä–∞–Ω–µ–Ω–∏–µ","–ò–Ω—Ñ–æ—Ä–º–∞—Ü–∏–æ–Ω–Ω—ã–µ —É—Å–ª—É–≥–∏ –≤ –æ–±–ª–∞—Å—Ç–∏ –∑–¥—Ä–∞–≤–æ–æ—Ö—Ä–∞–Ω–µ–Ω–∏—è","5"
"üá∫üá∏ –°–®–ê","Morgan Stanley","MS","https://t.me/usamarke1/1502",NA,NA,2020-12-03,NA,NA,"–§–∏–Ω–∞–Ω—Å–æ–≤—ã–π","–†—ã–Ω–∫–∏ –∫–∞–ø–∏—Ç–∞–ª–∞","4"
"üá∫üá∏ –°–®–ê","Seagen","SGEN","https://t.me/usamarke1/1748","https://t.me/usamarke1/1984",NA,2021-02-02,2021-03-30,NA,"–ó–¥—Ä–∞–≤–æ–æ—Ö—Ä–∞–Ω–µ–Ω–∏–µ","–ë–∏–æ—Ç–µ—Ö–Ω–æ–ª–æ–≥–∏–∏","5"
"üá∫üá∏ –°–®–ê","N-able","NABL","https://t.me/usamarke1/2697",NA,"https://t.me/usamarke1/2697",2021-09-03,NA,2021-09-03,"–¢–µ—Ö–Ω–æ–ª–æ–≥–∏–∏","–£—Å–ª—É–≥–∏ –≤ –æ–±–ª–∞—Å—Ç–∏ –∏–Ω—Ñ–æ—Ä–º–∞—Ü–∏–æ–Ω–Ω—ã—Ö —Ç–µ—Ö–Ω–æ–ª–æ–≥–∏–π","New"
"üá∫üá∏ –°–®–ê","Nektar Therapeutics","NKTR","https://t.me/usamarke1/2346",NA,NA,2021-06-21,NA,NA,"–ó–¥—Ä–∞–≤–æ–æ—Ö—Ä–∞–Ω–µ–Ω–∏–µ","–ë–∏–æ—Ç–µ—Ö–Ω–æ–ª–æ–≥–∏–∏","3"
"üá∫üá∏ –°–®–ê","The Mosaic Company","MOS","https://t.me/usamarke1/2644",NA,NA,2021-08-23,NA,NA,"–ë–∞–∑–æ–≤—ã–µ –º–∞—Ç–µ—Ä–∏–∞–ª—ã","–°–µ–ª—å—Å–∫–æ—Ö–æ–∑—è–π—Å—Ç–≤–µ–Ω–Ω—ã–µ –º–∞—Ç–µ—Ä–∏–∞–ª—ã","3"
"üá∫üá∏ –°–®–ê","Netflix","NFLX","https://t.me/usamarke1/1160",NA,NA,2020-09-23,NA,NA,"–ö–æ–º–º—É–Ω–∏–∫–∞—Ü–∏–æ–Ω–Ω—ã–µ —É—Å–ª—É–≥–∏","–†–∞–∑–≤–ª–µ—á–µ–Ω–∏—è","5"
"üá∫üá∏ –°–®–ê","Neurocrine","NBIX","https://t.me/usamarke1/2222",NA,NA,2021-05-22,NA,NA,"–ó–¥—Ä–∞–≤–æ–æ—Ö—Ä–∞–Ω–µ–Ω–∏–µ","–ë–∏–æ—Ç–µ—Ö–Ω–æ–ª–æ–≥–∏–∏","4"
"üá∫üá∏ –°–®–ê","New Fortress Energy","NFE","https://t.me/usamarke1/2363",NA,"https://t.me/usamarke1/2363",2021-06-24,NA,2021-06-24,"–ö–æ–º–º—É–Ω–∞–ª—å–Ω—ã–µ —É—Å–ª—É–≥–∏","–†–µ–≥—É–ª–∏—Ä—É–µ–º—ã–π –≥–∞–∑","New"
"üá∫üá∏ –°–®–ê","Newmont Goldcorp","NEM","https://t.me/usamarke1/2682",NA,NA,2021-08-31,NA,NA,"–ë–∞–∑–æ–≤—ã–µ –º–∞—Ç–µ—Ä–∏–∞–ª—ã","–ó–æ–ª–æ—Ç–æ","4"
"üá∫üá∏ –°–®–ê","NextEra Energy","NEE","https://t.me/usamarke1/2375",NA,NA,2021-06-26,NA,NA,"–ö–æ–º–º—É–Ω–∞–ª—å–Ω—ã–µ —É—Å–ª—É–≥–∏","–†–µ–≥—É–ª–∏—Ä—É–µ–º–∞—è —ç–ª–µ–∫—Ç—Ä–æ—ç–Ω–µ—Ä–≥–∏—è","3"
"üá∫üá∏ –°–®–ê","Nike","NKE","https://t.me/usamarke1/2098",NA,NA,2021-04-23,NA,NA,"–¶–∏–∫–ª–∏—á–µ—Å–∫–∏–π –ø–æ—Ç—Ä–µ–±–∏—Ç–µ–ª—å—Å–∫–∏–π —Å–µ–∫—Ç–æ—Ä","–û–±—É–≤—å –∏ –∞–∫—Å–µ—Å—Å—É–∞—Ä—ã","5"
"üá∫üá∏ –°–®–ê","Translate Bio","TBIO","https://t.me/usamarke1/2394",NA,"https://t.me/usamarke1/2394",2021-07-01,NA,2021-07-01,"–ó–¥—Ä–∞–≤–æ–æ—Ö—Ä–∞–Ω–µ–Ω–∏–µ","–ë–∏–æ—Ç–µ—Ö–Ω–æ–ª–æ–≥–∏–∏","New"
"üá∫üá∏ –°–®–ê","Triterras","TRIT","https://t.me/usamarke1/2394",NA,"https://t.me/usamarke1/2394",2021-07-01,NA,2021-07-01,"–¢–µ—Ö–Ω–æ–ª–æ–≥–∏–∏","–£—Å–ª—É–≥–∏ –≤ –æ–±–ª–∞—Å—Ç–∏ –∏–Ω—Ñ–æ—Ä–º–∞—Ü–∏–æ–Ω–Ω—ã—Ö —Ç–µ—Ö–Ω–æ–ª–æ–≥–∏–π","New"
"üá∫üá∏ –°–®–ê","Ecolab","ECL","https://t.me/usamarke1/1149",NA,NA,2020-09-19,NA,NA,"–ë–∞–∑–æ–≤—ã–µ –º–∞—Ç–µ—Ä–∏–∞–ª—ã","–°–ø–µ—Ü–∏–∞–ª–∏–∑–∏—Ä–æ–≤–∞–Ω–Ω–∞—è —Ö–∏–º–∏—è","3"
"üá∫üá∏ –°–®–ê","Editas Medicine","EDIT","https://t.me/usamarke1/1540",NA,NA,2020-12-11,NA,NA,"–ó–¥—Ä–∞–≤–æ–æ—Ö—Ä–∞–Ω–µ–Ω–∏–µ","–ë–∏–æ—Ç–µ—Ö–Ω–æ–ª–æ–≥–∏–∏","4"
"üá∫üá∏ –°–®–ê","Edwards Lifescience","EW","https://t.me/usamarke1/2824",NA,NA,2021-09-30,NA,NA,"–ó–¥—Ä–∞–≤–æ–æ—Ö—Ä–∞–Ω–µ–Ω–∏–µ","–ú–µ–¥–∏—Ü–∏–Ω—Å–∫–∏–µ –ø—Ä–∏–±–æ—Ä—ã","4"
"üá∫üá∏ –°–®–ê","eHealth","EHTH","https://t.me/usamarke1/1795","https://t.me/usamarke1/1795",NA,2021-02-14,2021-02-14,NA,"–ó–¥—Ä–∞–≤–æ–æ—Ö—Ä–∞–Ω–µ–Ω–∏–µ","–°—Ç—Ä–∞—Ö–æ–≤—ã–µ –±—Ä–æ–∫–µ—Ä—ã","3"
"üá∫üá∏ –°–®–ê","Uber","UBER","https://t.me/usamarke1/1684",NA,NA,2021-01-15,NA,NA,"–¢–µ—Ö–Ω–æ–ª–æ–≥–∏–∏","–ü—Ä–æ–≥—Ä–∞–º–º–Ω–æ–µ –æ–±–µ—Å–ø–µ—á–µ–Ω–∏–µ - –ø—Ä–∏–ª–æ–∂–µ–Ω–∏—è","3"
"üá∫üá∏ –°–®–ê","Enphase Energy","ENPH","https://t.me/usamarke1/1251",NA,NA,2020-10-15,NA,NA,"–¢–µ—Ö–Ω–æ–ª–æ–≥–∏–∏","–°–æ–ª–Ω–µ—á–Ω–∞—è —ç–Ω–µ—Ä–≥–∏—è","4"
"üá∫üá∏ –°–®–ê","Omnicom Group","OMC","https://t.me/usamarke1/2027",NA,NA,2021-04-07,NA,NA,"–ö–æ–º–º—É–Ω–∏–∫–∞—Ü–∏–æ–Ω–Ω—ã–µ —É—Å–ª—É–≥–∏","–†–µ–∫–ª–∞–º–Ω—ã–µ –∞–≥–µ–Ω—Ç—Å—Ç–≤–∞","2"
"üá∫üá∏ –°–®–ê","Evercore","EVR","https://t.me/usamarke1/1911",NA,NA,2021-03-12,NA,NA,"–§–∏–Ω–∞–Ω—Å–æ–≤—ã–π","–†—ã–Ω–∫–∏ –∫–∞–ø–∏—Ç–∞–ª–∞","5"
"üá∫üá∏ –°–®–ê","Oracle","ORCL","https://t.me/usamarke1/1211",NA,NA,2020-10-06,NA,NA,"–¢–µ—Ö–Ω–æ–ª–æ–≥–∏–∏","–ü—Ä–æ–≥—Ä–∞–º–º–Ω–æ–µ –æ–±–µ—Å–ø–µ—á–µ–Ω–∏–µ - –∏–Ω—Ñ—Ä–∞—Å—Ç—Ä—É–∫—Ç—É—Ä–∞","3"
"üá∫üá∏ –°–®–ê","Organon & Co","OGN","https://t.me/usamarke1/2595",NA,"https://t.me/usamarke1/2445",2021-08-11,NA,2021-07-12,"–ó–¥—Ä–∞–≤–æ–æ—Ö—Ä–∞–Ω–µ–Ω–∏–µ","–ü—Ä–æ–∏–∑–≤–æ–¥–∏—Ç–µ–ª–∏ –ª–µ–∫–∞—Ä—Å—Ç–≤ - –æ–±—â–∏–µ","2"
"üá∫üá∏ –°–®–ê","Exelixis","EXEL","https://t.me/usamarke1/2428",NA,NA,2021-07-08,NA,NA,"–ó–¥—Ä–∞–≤–æ–æ—Ö—Ä–∞–Ω–µ–Ω–∏–µ","–ë–∏–æ—Ç–µ—Ö–Ω–æ–ª–æ–≥–∏–∏","3"
"üá∫üá∏ –°–®–ê","Exxon Mobil","XOM","https://t.me/usamarke1/2435",NA,NA,2021-07-09,NA,NA,"–≠–Ω–µ—Ä–≥–µ—Ç–∏–∫–∞","–ù–µ—Ñ—Ç–µ–≥–∞–∑–æ–≤–∞—è –ø—Ä–æ–º—ã—à–ª–µ–Ω–Ω–æ—Å—Ç—å","2"
"üá∫üá∏ –°–®–ê","Facebook","FB","https://t.me/usamarke1/2158",NA,NA,2021-05-09,NA,NA,"–ö–æ–º–º—É–Ω–∏–∫–∞—Ü–∏–æ–Ω–Ω—ã–µ —É—Å–ª—É–≥–∏","–ò–Ω—Ç–µ—Ä–Ω–µ—Ç-–∫–æ–Ω—Ç–µ–Ω—Ç –∏ –∏–Ω—Ñ–æ—Ä–º–∞—Ü–∏—è","5"
"üá∫üá∏ –°–®–ê","Vanda Pharmaceuticals","VNDA","https://t.me/usamarke1/1030",NA,NA,2020-08-27,NA,NA,"–ó–¥—Ä–∞–≤–æ–æ—Ö—Ä–∞–Ω–µ–Ω–∏–µ","–ë–∏–æ—Ç–µ—Ö–Ω–æ–ª–æ–≥–∏–∏","1"
"üá∫üá∏ –°–®–ê","Faro Technologies","FARO","https://t.me/usamarke1/2128",NA,NA,2021-04-30,NA,NA,"–¢–µ—Ö–Ω–æ–ª–æ–≥–∏–∏","–ù–∞—É—á–Ω—ã–µ –∏ —Ç–µ—Ö–Ω–∏—á–µ—Å–∫–∏–µ –ø—Ä–∏–±–æ—Ä—ã","3"
"üá∫üá∏ –°–®–ê","Fastly","FSLY","https://t.me/usamarke1/2558",NA,NA,2021-08-03,NA,NA,"–¢–µ—Ö–Ω–æ–ª–æ–≥–∏–∏","–ü—Ä–æ–≥—Ä–∞–º–º–Ω–æ–µ –æ–±–µ—Å–ø–µ—á–µ–Ω–∏–µ - –ø—Ä–∏–ª–æ–∂–µ–Ω–∏—è","4"
"üá∫üá∏ –°–®–ê","Inseego Corp","INSG","https://t.me/usamarke1/2350",NA,"https://t.me/usamarke1/2350",2021-06-22,NA,2021-06-22,"–¢–µ—Ö–Ω–æ–ª–æ–≥–∏–∏","–û–±–æ—Ä—É–¥–æ–≤–∞–Ω–∏–µ —Å–≤—è–∑–∏","New"
"üá∫üá∏ –°–®–ê","Paychex","PAYX","https://t.me/usamarke1/1637",NA,"https://t.me/usamarke1/2727",2020-12-30,NA,2021-09-08,"–ü—Ä–æ–º—ã—à–ª–µ–Ω–Ω–æ—Å—Ç—å","–£—Å–ª—É–≥–∏ –ø–æ –ø–æ–¥–±–æ—Ä—É –ø–µ—Ä—Å–æ–Ω–∞–ª–∞ –∏ —Ç—Ä—É–¥–æ—É—Å—Ç—Ä–æ–π—Å—Ç–≤—É","3"
"üá∫üá∏ –°–®–ê","Paycom","PAYC","https://t.me/usamarke1/1478","https://t.me/usamarke1/2025",NA,2020-11-29,2021-04-07,NA,"–¢–µ—Ö–Ω–æ–ª–æ–≥–∏–∏","–ü—Ä–æ–≥—Ä–∞–º–º–Ω–æ–µ –æ–±–µ—Å–ø–µ—á–µ–Ω–∏–µ - –ø—Ä–∏–ª–æ–∂–µ–Ω–∏—è","4"
"üá∫üá∏ –°–®–ê","Five Below","FIVE","https://t.me/usamarke1/2007",NA,NA,2021-04-03,NA,NA,"–¶–∏–∫–ª–∏—á–µ—Å–∫–∏–π –ø–æ—Ç—Ä–µ–±–∏—Ç–µ–ª—å—Å–∫–∏–π —Å–µ–∫—Ç–æ—Ä","–°–ø–µ—Ü–∏–∞–ª–∏–∑–∏—Ä–æ–≤–∞–Ω–Ω–∞—è —Ä–æ–∑–Ω–∏—á–Ω–∞—è —Ç–æ—Ä–≥–æ–≤–ª—è","4"
"üá∫üá∏ –°–®–ê","Paymentus Holdings","PAY","https://t.me/usamarke1/2618",NA,"https://t.me/usamarke1/2618",2021-08-17,NA,2021-08-17,"–¢–µ—Ö–Ω–æ–ª–æ–≥–∏–∏","–£—Å–ª—É–≥–∏ –≤ –æ–±–ª–∞—Å—Ç–∏ –∏–Ω—Ñ–æ—Ä–º–∞—Ü–∏–æ–Ω–Ω—ã—Ö —Ç–µ—Ö–Ω–æ–ª–æ–≥–∏–π","New"
"üá∫üá∏ –°–®–ê","Ford","F","https://t.me/usamarke1/1632",NA,NA,2020-12-29,NA,NA,"–¶–∏–∫–ª–∏—á–µ—Å–∫–∏–π –ø–æ—Ç—Ä–µ–±–∏—Ç–µ–ª—å—Å–∫–∏–π —Å–µ–∫—Ç–æ—Ä","–ê–≤—Ç–æ–ø—Ä–æ–∏–∑–≤–æ–¥–∏—Ç–µ–ª–∏","2"
"üá∫üá∏ –°–®–ê","Peloton","PTON","https://t.me/usamarke1/1114","https://t.me/usamarke1/1895",NA,2020-09-11,2021-03-09,NA,"–¶–∏–∫–ª–∏—á–µ—Å–∫–∏–π –ø–æ—Ç—Ä–µ–±–∏—Ç–µ–ª—å—Å–∫–∏–π —Å–µ–∫—Ç–æ—Ä","–î–æ—Å—É–≥","4"
"üá∫üá∏ –°–®–ê","Freeport-McMoRan","FCX","https://t.me/usamarke1/2449",NA,NA,2021-07-12,NA,NA,"–ë–∞–∑–æ–≤—ã–µ –º–∞—Ç–µ—Ä–∏–∞–ª—ã","–ú–µ–¥—å","4"
"üá∫üá∏ –°–®–ê","Freshpet","FRPT","https://t.me/usamarke1/1523",NA,NA,2020-12-08,NA,NA,"–ö–æ–Ω—Å–µ—Ä–≤–∞—Ç–∏–≤–Ω—ã–π –ø–æ—Ç—Ä–µ–±–∏—Ç–µ–ª—å—Å–∫–∏–π —Å–µ–∫—Ç–æ—Ä","–£–ø–∞–∫–æ–≤–∞–Ω–Ω—ã–µ –ø—Ä–æ–¥—É–∫—Ç—ã –ø–∏—Ç–∞–Ω–∏—è","5"
"üá∫üá∏ –°–®–ê","Frontdoor","FTDR","https://t.me/usamarke1/2606",NA,"https://t.me/usamarke1/2606",2021-08-13,NA,2021-08-13,"–¶–∏–∫–ª–∏—á–µ—Å–∫–∏–π –ø–æ—Ç—Ä–µ–±–∏—Ç–µ–ª—å—Å–∫–∏–π —Å–µ–∫—Ç–æ—Ä","–ü–µ—Ä—Å–æ–Ω–∞–ª—å–Ω—ã–µ —É—Å–ª—É–≥–∏","New"
"üá∫üá∏ –°–®–ê","FTC Solar","FTCI","https://t.me/usamarke1/2325",NA,NA,2021-06-16,NA,NA,"–¢–µ—Ö–Ω–æ–ª–æ–≥–∏–∏","–°–æ–ª–Ω–µ—á–Ω–∞—è —ç–Ω–µ—Ä–≥–∏—è","4"
"üá∫üá∏ –°–®–ê","Qorvo","QRVO","https://t.me/usamarke1/1715",NA,NA,2021-01-24,NA,NA,"–¢–µ—Ö–Ω–æ–ª–æ–≥–∏–∏","–ü–æ–ª—É–ø—Ä–æ–≤–æ–¥–Ω–∏–∫–∏","4"
"üá∫üá∏ –°–®–ê","Tenable Holdings","TENB","https://t.me/usamarke1/2337",NA,NA,2021-06-18,NA,NA,"–¢–µ—Ö–Ω–æ–ª–æ–≥–∏–∏","–ü—Ä–æ–≥—Ä–∞–º–º–Ω–æ–µ –æ–±–µ—Å–ø–µ—á–µ–Ω–∏–µ - –∏–Ω—Ñ—Ä–∞—Å—Ç—Ä—É–∫—Ç—É—Ä–∞","3"
"üá∫üá∏ –°–®–ê","Plug Power","PLUG","https://t.me/usamarke1/2677",NA,"https://t.me/usamarke1/2681",2021-08-30,NA,2021-08-31,"–ü—Ä–æ–º—ã—à–ª–µ–Ω–Ω–æ—Å—Ç—å","–≠–ª–µ–∫—Ç—Ä–æ–æ–±–æ—Ä—É–¥–æ–≤–∞–Ω–∏–µ –∏ –∑–∞–ø—á–∞—Å—Ç–∏","2"
"üá∫üá∏ –°–®–ê","Walmart","WMT","https://t.me/usamarke1/1639","https://t.me/usamarke1/1894",NA,2020-12-30,2021-03-08,NA,"–ö–æ–Ω—Å–µ—Ä–≤–∞—Ç–∏–≤–Ω—ã–π –ø–æ—Ç—Ä–µ–±–∏—Ç–µ–ª—å—Å–∫–∏–π —Å–µ–∫—Ç–æ—Ä","–î–∏—Å–∫–æ–Ω—Ç–Ω—ã–µ –º–∞–≥–∞–∑–∏–Ω—ã","5"
"üá∫üá∏ –°–®–ê","General Motors","GM","https://t.me/usamarke1/2016",NA,NA,2021-04-05,NA,NA,"–¶–∏–∫–ª–∏—á–µ—Å–∫–∏–π –ø–æ—Ç—Ä–µ–±–∏—Ç–µ–ª—å—Å–∫–∏–π —Å–µ–∫—Ç–æ—Ä","–ê–≤—Ç–æ–ø—Ä–æ–∏–∑–≤–æ–¥–∏—Ç–µ–ª–∏","2"
"üá∫üá∏ –°–®–ê","Praxis Precision Medicines","PRAX","https://t.me/usamarke1/2373",NA,"https://t.me/usamarke1/2373",2021-06-25,NA,2021-06-25,"–ó–¥—Ä–∞–≤–æ–æ—Ö—Ä–∞–Ω–µ–Ω–∏–µ","–ë–∏–æ—Ç–µ—Ö–Ω–æ–ª–æ–≥–∏–∏","New"
"üá∫üá∏ –°–®–ê","Procore Technologies","PCOR","https://t.me/usamarke1/2606",NA,"https://t.me/usamarke1/2606",2021-08-13,NA,2021-08-13,"–¢–µ—Ö–Ω–æ–ª–æ–≥–∏–∏","–ü—Ä–æ–≥—Ä–∞–º–º–Ω–æ–µ –æ–±–µ—Å–ø–µ—á–µ–Ω–∏–µ - –ø—Ä–∏–ª–æ–∂–µ–Ω–∏—è","New"
"üá∫üá∏ –°–®–ê","Procter & Gamble","PG","https://t.me/usamarke1/2769",NA,NA,2021-09-17,NA,NA,"–ö–æ–Ω—Å–µ—Ä–≤–∞—Ç–∏–≤–Ω—ã–π –ø–æ—Ç—Ä–µ–±–∏—Ç–µ–ª—å—Å–∫–∏–π —Å–µ–∫—Ç–æ—Ä","–ë—ã—Ç–æ–≤—ã–µ –∏ –ª–∏—á–Ω—ã–µ —Ç–æ–≤–∞—Ä—ã","4"
"üá∫üá∏ –°–®–ê","Progressive","PGR","https://t.me/usamarke1/1549",NA,NA,2020-12-14,NA,NA,"–§–∏–Ω–∞–Ω—Å–æ–≤—ã–π","–°—Ç—Ä–∞—Ö–æ–≤–∞–Ω–∏–µ - –∏–º—É—â–µ—Å—Ç–≤–æ –∏ —Å—Ç—Ä–∞—Ö–æ–≤–∞–Ω–∏–µ –æ—Ç –Ω–µ—Å—á–∞—Å—Ç–Ω—ã—Ö —Å–ª—É—á–∞–µ–≤","4"
"üá∫üá∏ –°–®–ê","Workhorse Group","WKHS","https://t.me/usamarke1/2433",NA,"https://t.me/usamarke1/2433",2021-07-09,NA,2021-07-09,"–¶–∏–∫–ª–∏—á–µ—Å–∫–∏–π –ø–æ—Ç—Ä–µ–±–∏—Ç–µ–ª—å—Å–∫–∏–π —Å–µ–∫—Ç–æ—Ä","–ê–≤—Ç–æ–ø—Ä–æ–∏–∑–≤–æ–¥–∏—Ç–µ–ª–∏","New"
"üá∫üá∏ –°–®–ê","Proto labs","PRLB","https://t.me/usamarke1/1719",NA,NA,2021-01-25,NA,NA,"–ü—Ä–æ–º—ã—à–ª–µ–Ω–Ω–æ—Å—Ç—å","–ò–∑–≥–æ—Ç–æ–≤–ª–µ–Ω–∏–µ –º–µ—Ç–∞–ª–ª–æ–∫–æ–Ω—Å—Ç—Ä—É–∫—Ü–∏–π","3"
"üá∫üá∏ –°–®–ê","Skillz","SKLZ","https://t.me/usamarke1/2388",NA,"https://t.me/usamarke1/2388",2021-06-30,NA,2021-06-30,"–ö–æ–º–º—É–Ω–∏–∫–∞—Ü–∏–æ–Ω–Ω—ã–µ —É—Å–ª—É–≥–∏","–≠–ª–µ–∫—Ç—Ä–æ–Ω–Ω—ã–µ –∏–≥—Ä—ã –∏ –º—É–ª—å—Ç–∏–º–µ–¥–∏–∞","New"
"üá∫üá∏ –°–®–ê","Upwork","UPWK","https://t.me/usamarke1/2133",NA,NA,2021-05-03,NA,NA,"–ü—Ä–æ–º—ã—à–ª–µ–Ω–Ω–æ—Å—Ç—å","–£—Å–ª—É–≥–∏ –ø–æ –ø–æ–¥–±–æ—Ä—É –ø–µ—Ä—Å–æ–Ω–∞–ª–∞ –∏ —Ç—Ä—É–¥–æ—É—Å—Ç—Ä–æ–π—Å—Ç–≤—É","2"
"üá∫üá∏ –°–®–ê","Sarepta Therapeutics","SRPT","https://t.me/usamarke1/1676",NA,NA,2021-01-13,NA,NA,"–ó–¥—Ä–∞–≤–æ–æ—Ö—Ä–∞–Ω–µ–Ω–∏–µ","–ë–∏–æ—Ç–µ—Ö–Ω–æ–ª–æ–≥–∏–∏","3"
"üá∫üá∏ –°–®–ê","Yext","YEXT","https://t.me/usamarke1/2065",NA,NA,2021-04-15,NA,NA,"–¢–µ—Ö–Ω–æ–ª–æ–≥–∏–∏","–ü—Ä–æ–≥—Ä–∞–º–º–Ω–æ–µ –æ–±–µ—Å–ø–µ—á–µ–Ω–∏–µ - –∏–Ω—Ñ—Ä–∞—Å—Ç—Ä—É–∫—Ç—É—Ä–∞","3"
"üá∫üá∏ –°–®–ê","Zillow","ZG","https://t.me/usamarke1/2011",NA,NA,2021-04-04,NA,NA,"–ö–æ–º–º—É–Ω–∏–∫–∞—Ü–∏–æ–Ω–Ω—ã–µ —É—Å–ª—É–≥–∏","–ò–Ω—Ç–µ—Ä–Ω–µ—Ç-–∫–æ–Ω—Ç–µ–Ω—Ç –∏ –∏–Ω—Ñ–æ—Ä–º–∞—Ü–∏—è","3"
"üá∫üá∏ –°–®–ê","Qualys","QLYS","https://t.me/usamarke1/1231","https://t.me/usamarke1/1231",NA,2020-10-10,2020-10-10,NA,"–¢–µ—Ö–Ω–æ–ª–æ–≥–∏–∏","–ü—Ä–æ–≥—Ä–∞–º–º–Ω–æ–µ –æ–±–µ—Å–ø–µ—á–µ–Ω–∏–µ - –∏–Ω—Ñ—Ä–∞—Å—Ç—Ä—É–∫—Ç—É—Ä–∞","4"
"üá∫üá∏ –°–®–ê","Twitter","TWTR","https://t.me/usamarke1/2464",NA,NA,2021-07-15,NA,NA,"–ö–æ–º–º—É–Ω–∏–∫–∞—Ü–∏–æ–Ω–Ω—ã–µ —É—Å–ª—É–≥–∏","–ò–Ω—Ç–µ—Ä–Ω–µ—Ç-–∫–æ–Ω—Ç–µ–Ω—Ç –∏ –∏–Ω—Ñ–æ—Ä–º–∞—Ü–∏—è","3"
"üá∫üá∏ –°–®–ê","Quidel","QDEL","https://t.me/usamarke1/2238",NA,NA,2021-05-26,NA,NA,"–ó–¥—Ä–∞–≤–æ–æ—Ö—Ä–∞–Ω–µ–Ω–∏–µ","–î–∏–∞–≥–Ω–æ—Å—Ç–∏–∫–∞ –∏ –∏—Å—Å–ª–µ–¥–æ–≤–∞–Ω–∏—è","4"
"üá∫üá∏ –°–®–ê","Quotient Technology","QUOT","https://t.me/usamarke1/2060",NA,NA,2021-04-14,NA,NA,"–ö–æ–º–º—É–Ω–∏–∫–∞—Ü–∏–æ–Ω–Ω—ã–µ —É—Å–ª—É–≥–∏","–†–µ–∫–ª–∞–º–Ω—ã–µ –∞–≥–µ–Ω—Ç—Å—Ç–≤–∞","2"
"üá∫üá∏ –°–®–ê","Realty Income","O","https://t.me/usamarke1/1420",NA,NA,2020-11-17,NA,NA,"–ù–µ–¥–≤–∏–∂–∏–º–æ—Å—Ç—å","–†–æ–∑–Ω–∏—á–Ω–∞—è —Ç–æ—Ä–≥–æ–≤–ª—è","4"
"üá∫üá∏ –°–®–ê","Splunk","SPLK","https://t.me/usamarke1/1513",NA,NA,2020-12-06,NA,NA,"–¢–µ—Ö–Ω–æ–ª–æ–≥–∏–∏","–ü—Ä–æ–≥—Ä–∞–º–º–Ω–æ–µ –æ–±–µ—Å–ø–µ—á–µ–Ω–∏–µ - –∏–Ω—Ñ—Ä–∞—Å—Ç—Ä—É–∫—Ç—É—Ä–∞","3"
"üá∫üá∏ –°–®–ê","Zynex","ZYXI","https://t.me/usamarke1/1699","https://t.me/usamarke1/1699",NA,2021-01-19,2021-01-19,NA,"–ó–¥—Ä–∞–≤–æ–æ—Ö—Ä–∞–Ω–µ–Ω–∏–µ","–ú–µ–¥–∏—Ü–∏–Ω—Å–∫–∏–µ –ø—Ä–∏–±–æ—Ä—ã","4"
"üá∫üá∏ –°–®–ê","SPS Commerce","SPSC","https://t.me/usamarke1/1682",NA,NA,2021-01-14,NA,NA,"–¢–µ—Ö–Ω–æ–ª–æ–≥–∏–∏","–ü—Ä–æ–≥—Ä–∞–º–º–Ω–æ–µ –æ–±–µ—Å–ø–µ—á–µ–Ω–∏–µ - –∏–Ω—Ñ—Ä–∞—Å—Ç—Ä—É–∫—Ç—É—Ä–∞","4"
"üá∫üá∏ –°–®–ê","Simon Property Group","SPG","https://t.me/usamarke1/2482",NA,NA,2021-07-20,NA,NA,"–ù–µ–¥–≤–∏–∂–∏–º–æ—Å—Ç—å","–†–æ–∑–Ω–∏—á–Ω–∞—è —Ç–æ—Ä–≥–æ–≤–ª—è","2"
"üá∫üá∏ –°–®–ê","Tattooed Chef","TTCF","https://t.me/usamarke1/2399",NA,"https://t.me/usamarke1/2399",2021-07-02,NA,2021-07-02,"–ö–æ–Ω—Å–µ—Ä–≤–∞—Ç–∏–≤–Ω—ã–π –ø–æ—Ç—Ä–µ–±–∏—Ç–µ–ª—å—Å–∫–∏–π —Å–µ–∫—Ç–æ—Ä","–£–ø–∞–∫–æ–≤–∞–Ω–Ω—ã–µ –ø—Ä–æ–¥—É–∫—Ç—ã –ø–∏—Ç–∞–Ω–∏—è","New"
"üá∫üá∏ –°–®–ê","Virgin Galactic","SPCE","https://t.me/usamarke1/1258",NA,NA,2020-10-16,NA,NA,"–ü—Ä–æ–º—ã—à–ª–µ–Ω–Ω–æ—Å—Ç—å","–ê—ç—Ä–æ–∫–æ—Å–º–∏—á–µ—Å–∫–∞—è –∏ –æ–±–æ—Ä–æ–Ω–Ω–∞—è –ø—Ä–æ–º—ã—à–ª–µ–Ω–Ω–æ—Å—Ç—å","3"
"üá∫üá∏ –°–®–ê","Visa","V","https://t.me/usamarke1/1206",NA,NA,2020-10-05,NA,NA,"–§–∏–Ω–∞–Ω—Å–æ–≤—ã–π","–ö—Ä–µ–¥–∏—Ç–Ω—ã–µ —É—Å–ª—É–≥–∏","5"
"üá∫üá∏ –°–®–ê","Vaxart","VXRT","https://t.me/usamarke1/2421",NA,"https://t.me/usamarke1/2421",2021-07-07,NA,2021-07-07,"–ó–¥—Ä–∞–≤–æ–æ—Ö—Ä–∞–Ω–µ–Ω–∏–µ","–ë–∏–æ—Ç–µ—Ö–Ω–æ–ª–æ–≥–∏–∏","New"
"üá∫üá∏ –°–®–ê","Strategic Education","STRA","https://t.me/usamarke1/1108",NA,NA,2020-09-10,NA,NA,"–¶–∏–∫–ª–∏—á–µ—Å–∫–∏–π –ø–æ—Ç—Ä–µ–±–∏—Ç–µ–ª—å—Å–∫–∏–π —Å–µ–∫—Ç–æ—Ä","–£—Å–ª—É–≥–∏ –≤ –æ–±–ª–∞—Å—Ç–∏ –æ–±—Ä–∞–∑–æ–≤–∞–Ω–∏—è –∏ –æ–±—É—á–µ–Ω–∏—è","3"
"üá∫üá∏ –°–®–ê","Robinhood","HOOD","https://t.me/usamarke1/2529",NA,NA,2021-07-29,NA,NA,"–¢–µ—Ö–Ω–æ–ª–æ–≥–∏–∏","–ü—Ä–æ–≥—Ä–∞–º–º–Ω–æ–µ –æ–±–µ—Å–ø–µ—á–µ–Ω–∏–µ - –∏–Ω—Ñ—Ä–∞—Å—Ç—Ä—É–∫—Ç—É—Ä–∞","2"
"üá∫üá∏ –°–®–ê","Roblox Corp","RBLX","https://t.me/usamarke1/2692",NA,"https://t.me/usamarke1/2692",2021-09-02,NA,2021-09-02,"–ö–æ–º–º—É–Ω–∏–∫–∞—Ü–∏–æ–Ω–Ω—ã–µ —É—Å–ª—É–≥–∏","–≠–ª–µ–∫—Ç—Ä–æ–Ω–Ω—ã–µ –∏–≥—Ä—ã –∏ –º—É–ª—å—Ç–∏–º–µ–¥–∏–∞","New"
"üá∫üá∏ –°–®–ê","Waste Management","WM","https://t.me/usamarke1/654","https://t.me/usamarke1/654",NA,2020-06-23,2020-06-23,NA,"–ü—Ä–æ–º—ã—à–ª–µ–Ω–Ω–æ—Å—Ç—å","–£–ø—Ä–∞–≤–ª–µ–Ω–∏–µ –æ—Ç—Ö–æ–¥–∞–º–∏","5"
"üá∫üá∏ –°–®–ê","Royal Dutch Shell","RDS/B","https://t.me/usamarke1/1299",NA,NA,2020-10-24,NA,NA,"–≠–Ω–µ—Ä–≥–µ—Ç–∏–∫–∞","–ü–µ—Ä–µ—Ä–∞–±–æ—Ç–∫–∞ –∏ –º–∞—Ä–∫–µ—Ç–∏–Ω–≥ –Ω–µ—Ñ—Ç–∏ –∏ –≥–∞–∑–∞","2"
"üá∫üá∏ –°–®–ê","Royal Gold","RGLD","https://t.me/usamarke1/1868",NA,NA,2021-03-02,NA,NA,"–ë–∞–∑–æ–≤—ã–µ –º–∞—Ç–µ—Ä–∏–∞–ª—ã","–ó–æ–ª–æ—Ç–æ","3"
"üá∫üá∏ –°–®–ê","SAIC","SAIC","https://t.me/usamarke1/1167",NA,NA,2020-09-25,NA,NA,"–¢–µ—Ö–Ω–æ–ª–æ–≥–∏–∏","–£—Å–ª—É–≥–∏ –≤ –æ–±–ª–∞—Å—Ç–∏ –∏–Ω—Ñ–æ—Ä–º–∞—Ü–∏–æ–Ω–Ω—ã—Ö —Ç–µ—Ö–Ω–æ–ª–æ–≥–∏–π","2"
"üá∫üá∏ –°–®–ê","Take-Two","TTWO","https://t.me/usamarke1/1453","https://t.me/usamarke1/1950",NA,2020-11-24,2021-03-22,NA,"–ö–æ–º–º—É–Ω–∏–∫–∞—Ü–∏–æ–Ω–Ω—ã–µ —É—Å–ª—É–≥–∏","–≠–ª–µ–∫—Ç—Ä–æ–Ω–Ω—ã–µ –∏–≥—Ä—ã –∏ –º—É–ª—å—Ç–∏–º–µ–¥–∏–∞","4"
"üá∫üá∏ –°–®–ê","Williams-Sonoma","WSM","https://t.me/usamarke1/1656",NA,NA,2021-01-06,NA,NA,"–¶–∏–∫–ª–∏—á–µ—Å–∫–∏–π –ø–æ—Ç—Ä–µ–±–∏—Ç–µ–ª—å—Å–∫–∏–π —Å–µ–∫—Ç–æ—Ä","–°–ø–µ—Ü–∏–∞–ª–∏–∑–∏—Ä–æ–≤–∞–Ω–Ω–∞—è —Ä–æ–∑–Ω–∏—á–Ω–∞—è —Ç–æ—Ä–≥–æ–≤–ª—è","5"
"üá∫üá∏ –°–®–ê","TPI Composites","TPIC","https://t.me/usamarke1/2115",NA,NA,2021-04-27,NA,NA,"–ü—Ä–æ–º—ã—à–ª–µ–Ω–Ω–æ—Å—Ç—å","–°–ø–µ—Ü–∏–∞–ª–∏–∑–∏—Ä–æ–≤–∞–Ω–Ω–æ–µ –ø—Ä–æ–º—ã—à–ª–µ–Ω–Ω–æ–µ –æ–±–æ—Ä—É–¥–æ–≤–∞–Ω–∏–µ","3"
"üá∫üá∏ –°–®–ê","Tesla","TSLA","https://t.me/usamarke1/1147",NA,NA,2020-09-18,NA,NA,"–¶–∏–∫–ª–∏—á–µ—Å–∫–∏–π –ø–æ—Ç—Ä–µ–±–∏—Ç–µ–ª—å—Å–∫–∏–π —Å–µ–∫—Ç–æ—Ä","–ê–≤—Ç–æ–ø—Ä–æ–∏–∑–≤–æ–¥–∏—Ç–µ–ª–∏","3"
"üá∫üá∏ –°–®–ê","Virtu Financial","VIRT","https://t.me/usamarke1/2082",NA,NA,2021-04-20,NA,NA,"–§–∏–Ω–∞–Ω—Å–æ–≤—ã–π","–†—ã–Ω–∫–∏ –∫–∞–ø–∏—Ç–∞–ª–∞","4"
"üá∫üá∏ –°–®–ê","Snap on","SNA","https://t.me/usamarke1/1310",NA,NA,2020-10-26,NA,NA,"–ü—Ä–æ–º—ã—à–ª–µ–Ω–Ω–æ—Å—Ç—å","–ò–Ω—Å—Ç—Ä—É–º–µ–Ω—Ç—ã –∏ –ø—Ä–∏–Ω–∞–¥–ª–µ–∂–Ω–æ—Å—Ç–∏","3"
"üá∫üá∏ –°–®–ê","Teradyne","TER","https://t.me/usamarke1/1107",NA,NA,2020-09-09,NA,NA,"–¢–µ—Ö–Ω–æ–ª–æ–≥–∏–∏","–ü–æ–ª—É–ø—Ä–æ–≤–æ–¥–Ω–∏–∫–æ–≤–æ–µ –æ–±–æ—Ä—É–¥–æ–≤–∞–Ω–∏–µ –∏ –º–∞—Ç–µ—Ä–∏–∞–ª—ã","4"
"üá∫üá∏ –°–®–ê","WestRock","WRK","https://t.me/usamarke1/1435",NA,NA,2020-11-20,NA,NA,"–¶–∏–∫–ª–∏—á–µ—Å–∫–∏–π –ø–æ—Ç—Ä–µ–±–∏—Ç–µ–ª—å—Å–∫–∏–π —Å–µ–∫—Ç–æ—Ä","–£–ø–∞–∫–æ–≤–∫–∞ –∏ –∫–æ–Ω—Ç–µ–π–Ω–µ—Ä—ã","3"
"üá∫üá∏ –°–®–ê","ServiceNow","NOW","https://t.me/usamarke1/1019",NA,NA,2020-08-25,NA,NA,"–¢–µ—Ö–Ω–æ–ª–æ–≥–∏–∏","–ü—Ä–æ–≥—Ä–∞–º–º–Ω–æ–µ –æ–±–µ—Å–ø–µ—á–µ–Ω–∏–µ - –ø—Ä–∏–ª–æ–∂–µ–Ω–∏—è","4"
"üá∫üá∏ –°–®–ê","Zoom","ZM","https://t.me/usamarke1/1616",NA,NA,2020-12-25,NA,NA,"–¢–µ—Ö–Ω–æ–ª–æ–≥–∏–∏","–¢–µ–ª–µ–∫–æ–º–º—É–Ω–∏–∫–∞—Ü–∏–æ–Ω–Ω—ã–µ —É—Å–ª—É–≥–∏","4"
"üá∫üá∏ –°–®–ê","Shoals Technologies Group","SHLS","https://t.me/usamarke1/2481",NA,"https://t.me/usamarke1/2481",2021-07-20,NA,2021-07-20,"–¢–µ—Ö–Ω–æ–ª–æ–≥–∏–∏","–°–æ–ª–Ω–µ—á–Ω–∞—è —ç–Ω–µ—Ä–≥–∏—è","New"
"üá∫üá∏ –°–®–ê","Yelp","YELP","https://t.me/usamarke1/1077",NA,NA,2020-09-04,NA,NA,"–ö–æ–º–º—É–Ω–∏–∫–∞—Ü–∏–æ–Ω–Ω—ã–µ —É—Å–ª—É–≥–∏","–ò–Ω—Ç–µ—Ä–Ω–µ—Ç-–∫–æ–Ω—Ç–µ–Ω—Ç –∏ –∏–Ω—Ñ–æ—Ä–º–∞—Ü–∏—è","3"
"üá∫üá∏ –°–®–ê","Toast","TOST","https://t.me/usamarke1/2817",NA,NA,2021-09-28,NA,NA,"–¢–µ—Ö–Ω–æ–ª–æ–≥–∏–∏","–ü—Ä–æ–≥—Ä–∞–º–º–Ω–æ–µ –æ–±–µ—Å–ø–µ—á–µ–Ω–∏–µ - –∏–Ω—Ñ—Ä–∞—Å—Ç—Ä—É–∫—Ç—É—Ä–∞","3"
"üá∫üá∏ –°–®–ê","Silvergate Capital Corp","SI","https://t.me/usamarke1/2493",NA,"https://t.me/usamarke1/2388",2021-07-22,NA,2021-06-30,"–§–∏–Ω–∞–Ω—Å–æ–≤—ã–π","–ë–∞–Ω–∫–∏ - —Ä–µ–≥–∏–æ–Ω–∞–ª—å–Ω—ã–µ","4"
"üá∫üá∏ –°–®–ê","Texas Instruments","TXN","https://t.me/usamarke1/2312",NA,NA,2021-06-12,NA,NA,"–¢–µ—Ö–Ω–æ–ª–æ–≥–∏–∏","–ü–æ–ª—É–ø—Ä–æ–≤–æ–¥–Ω–∏–∫–∏","4"
"üá∫üá∏ –°–®–ê","Spirit Aerosystems","SPR","https://t.me/usamarke1/1105",NA,NA,2020-09-09,NA,NA,"–ü—Ä–æ–º—ã—à–ª–µ–Ω–Ω–æ—Å—Ç—å","–ê—ç—Ä–æ–∫–æ—Å–º–∏—á–µ—Å–∫–∞—è –∏ –æ–±–æ—Ä–æ–Ω–Ω–∞—è –ø—Ä–æ–º—ã—à–ª–µ–Ω–Ω–æ—Å—Ç—å","2"
"üá∫üá∏ –°–®–ê","TuSimple Holdings","TSP","https://t.me/usamarke1/2453",NA,"https://t.me/usamarke1/2453",2021-07-13,NA,2021-07-13,"–ü—Ä–æ–º—ã—à–ª–µ–Ω–Ω–æ—Å—Ç—å","–ì—Ä—É–∑–æ–ø–µ—Ä–µ–≤–æ–∑–∫–∏","New"
"üá∫üá∏ –°–®–ê","Zogenix","ZGNX","https://t.me/usamarke1/2073",NA,NA,2021-04-17,NA,NA,"–ó–¥—Ä–∞–≤–æ–æ—Ö—Ä–∞–Ω–µ–Ω–∏–µ","–ë–∏–æ—Ç–µ—Ö–Ω–æ–ª–æ–≥–∏–∏","4"
"üá∫üá∏ –°–®–ê","Victoria's Secret","VSCO","https://t.me/usamarke1/2697",NA,"https://t.me/usamarke1/2697",2021-09-03,NA,2021-09-03,"–¶–∏–∫–ª–∏—á–µ—Å–∫–∏–π –ø–æ—Ç—Ä–µ–±–∏—Ç–µ–ª—å—Å–∫–∏–π —Å–µ–∫—Ç–æ—Ä","–†–æ–∑–Ω–∏—á–Ω–∞—è —Ç–æ—Ä–≥–æ–≤–ª—è –æ–¥–µ–∂–¥–æ–π","New"
"üá∫üá∏ –°–®–ê","Wex","WEX","https://t.me/usamarke1/2459",NA,NA,2021-07-14,NA,NA,"–¢–µ—Ö–Ω–æ–ª–æ–≥–∏–∏","–ü—Ä–æ–≥—Ä–∞–º–º–Ω–æ–µ –æ–±–µ—Å–ø–µ—á–µ–Ω–∏–µ - –∏–Ω—Ñ—Ä–∞—Å—Ç—Ä—É–∫—Ç—É—Ä–∞","4"
"üá∫üá∏ –°–®–ê","Spirit Airlines","SAVE","https://t.me/usamarke1/1120",NA,NA,2020-09-12,NA,NA,"–ü—Ä–æ–º—ã—à–ª–µ–Ω–Ω–æ—Å—Ç—å","–ê–≤–∏–∞–∫–æ–º–ø–∞–Ω–∏–∏","2"
"üá∫üá∏ –°–®–ê","United Health","UNH","https://t.me/usamarke1/1931",NA,NA,2021-03-17,NA,NA,"–ó–¥—Ä–∞–≤–æ–æ—Ö—Ä–∞–Ω–µ–Ω–∏–µ","–ü–ª–∞–Ω—ã –∑–¥—Ä–∞–≤–æ–æ—Ö—Ä–∞–Ω–µ–Ω–∏—è","5"
"üá∫üá∏ –°–®–ê","Stride (K12)","LRN","https://t.me/usamarke1/1386",NA,NA,2020-11-10,NA,NA,"–¶–∏–∫–ª–∏—á–µ—Å–∫–∏–π –ø–æ—Ç—Ä–µ–±–∏—Ç–µ–ª—å—Å–∫–∏–π —Å–µ–∫—Ç–æ—Ä","–£—Å–ª—É–≥–∏ –≤ –æ–±–ª–∞—Å—Ç–∏ –æ–±—Ä–∞–∑–æ–≤–∞–Ω–∏—è –∏ –æ–±—É—á–µ–Ω–∏—è","2"
"üá∫üá∏ –°–®–ê","Vuzix Corp.","VUZI","https://t.me/usamarke1/2420",NA,"https://t.me/usamarke1/2420",2021-07-07,NA,2021-07-07,"–¢–µ—Ö–Ω–æ–ª–æ–≥–∏–∏","–ü–æ—Ç—Ä–µ–±–∏—Ç–µ–ª—å—Å–∫–∞—è —ç–ª–µ–∫—Ç—Ä–æ–Ω–∏–∫–∞","New"
"üá∫üá∏ –°–®–ê","Zymergen","ZY","https://t.me/usamarke1/2666",NA,"https://t.me/usamarke1/2666",2021-08-27,NA,2021-08-27,"–ë–∞–∑–æ–≤—ã–µ –º–∞—Ç–µ—Ä–∏–∞–ª—ã","–•–∏–º–∏–∫–∞—Ç—ã","New"
"üá∫üá∏ –°–®–ê","Velodyne Lidar","VLDR","https://t.me/usamarke1/2399",NA,"https://t.me/usamarke1/2399",2021-07-02,NA,2021-07-02,"–¢–µ—Ö–Ω–æ–ª–æ–≥–∏–∏","–ù–∞—É—á–Ω—ã–µ –∏ —Ç–µ—Ö–Ω–∏—á–µ—Å–∫–∏–µ –ø—Ä–∏–±–æ—Ä—ã","New"
"üá∫üá∏ –°–®–ê","T. Rowe Price","TROW","https://t.me/usamarke1/2315",NA,NA,2021-06-14,NA,NA,"–§–∏–Ω–∞–Ω—Å–æ–≤—ã–π","–£–ø—Ä–∞–≤–ª–µ–Ω–∏–µ –∞–∫—Ç–∏–≤–∞–º–∏","4"
"üá∫üá∏ –°–®–ê","Zscaler","ZS","https://t.me/usamarke1/1305","https://t.me/usamarke1/1893",NA,2020-10-25,2021-03-08,NA,"–¢–µ—Ö–Ω–æ–ª–æ–≥–∏–∏","–ü—Ä–æ–≥—Ä–∞–º–º–Ω–æ–µ –æ–±–µ—Å–ø–µ—á–µ–Ω–∏–µ - –∏–Ω—Ñ—Ä–∞—Å—Ç—Ä—É–∫—Ç—É—Ä–∞","5"
"üá∫üá∏ –°–®–ê","WEC Energy Group","WEC","https://t.me/usamarke1/2410",NA,NA,2021-07-05,NA,NA,"–ö–æ–º–º—É–Ω–∞–ª—å–Ω—ã–µ —É—Å–ª—É–≥–∏","–†–µ–≥—É–ª–∏—Ä—É–µ–º–∞—è —ç–ª–µ–∫—Ç—Ä–æ—ç–Ω–µ—Ä–≥–∏—è","4"
"üá∫üá∏ –°–®–ê","Viatris","VTRS","https://t.me/usamarke1/1527",NA,NA,2020-12-09,NA,NA,"–ó–¥—Ä–∞–≤–æ–æ—Ö—Ä–∞–Ω–µ–Ω–∏–µ","–ü—Ä–æ–∏–∑–≤–æ–¥–∏—Ç–µ–ª–∏ –ª–µ–∫–∞—Ä—Å—Ç–≤ - —Å–ø–µ—Ü–∏–∞–ª–∏–∑–∏—Ä–æ–≤–∞–Ω–Ω—ã–µ –∏ –≥–µ–Ω–µ—Ä–∏—á–µ—Å–∫–∏–µ","3"
"üá∫üá∏ –°–®–ê","The Trade Desk","TTD","https://t.me/usamarke1/2538",NA,NA,2021-07-30,NA,NA,"–¢–µ—Ö–Ω–æ–ª–æ–≥–∏–∏","–ü—Ä–æ–≥—Ä–∞–º–º–Ω–æ–µ –æ–±–µ—Å–ø–µ—á–µ–Ω–∏–µ - –ø—Ä–∏–ª–æ–∂–µ–Ω–∏—è","4"
"üá∫üá∏ –°–®–ê","Zoominfo","ZI","https://t.me/usamarke1/1602",NA,NA,2020-12-23,NA,NA,"–¢–µ—Ö–Ω–æ–ª–æ–≥–∏–∏","–ü—Ä–æ–≥—Ä–∞–º–º–Ω–æ–µ –æ–±–µ—Å–ø–µ—á–µ–Ω–∏–µ - –ø—Ä–∏–ª–æ–∂–µ–Ω–∏—è","4"
"üá∫üá∏ –°–®–ê","Vmware","VMW","https://t.me/usamarke1/1840",NA,NA,2021-02-24,NA,NA,"–¢–µ—Ö–Ω–æ–ª–æ–≥–∏–∏","–ü—Ä–æ–≥—Ä–∞–º–º–Ω–æ–µ –æ–±–µ—Å–ø–µ—á–µ–Ω–∏–µ - –∏–Ω—Ñ—Ä–∞—Å—Ç—Ä—É–∫—Ç—É—Ä–∞","3"
"üá∫üá∏ –°–®–ê","STERIS","STE","https://t.me/usamarke1/2434",NA,"https://t.me/usamarke1/2434",2021-07-09,NA,2021-07-09,"–ó–¥—Ä–∞–≤–æ–æ—Ö—Ä–∞–Ω–µ–Ω–∏–µ","–ú–µ–¥–∏—Ü–∏–Ω—Å–∫–∏–µ –∏–Ω—Å—Ç—Ä—É–º–µ–Ω—Ç—ã –∏ –ø—Ä–∏–Ω–∞–¥–ª–µ–∂–Ω–æ—Å—Ç–∏","New"
"üá∫üá∏ –°–®–ê","RingCentral","RNG","https://t.me/usamarke1/1670",NA,NA,2021-01-11,NA,NA,"–¢–µ—Ö–Ω–æ–ª–æ–≥–∏–∏","–ü—Ä–æ–≥—Ä–∞–º–º–Ω–æ–µ –æ–±–µ—Å–ø–µ—á–µ–Ω–∏–µ - –ø—Ä–∏–ª–æ–∂–µ–Ω–∏—è","4"
"üá∫üá∏ –°–®–ê","Verizon","VZ","https://t.me/usamarke1/2636",NA,NA,2021-08-20,NA,NA,"–ö–æ–º–º—É–Ω–∏–∫–∞—Ü–∏–æ–Ω–Ω—ã–µ —É—Å–ª—É–≥–∏","–¢–µ–ª–µ–∫–æ–º–º—É–Ω–∏–∫–∞—Ü–∏–æ–Ω–Ω—ã–µ —É—Å–ª—É–≥–∏","3"
"üá∫üá∏ –°–®–ê","Vertex Pharmaceuticals","VRTX","https://t.me/usamarke1/1271","https://t.me/usamarke1/1271",NA,2020-10-19,2020-10-19,NA,"–ó–¥—Ä–∞–≤–æ–æ—Ö—Ä–∞–Ω–µ–Ω–∏–µ","–ë–∏–æ—Ç–µ—Ö–Ω–æ–ª–æ–≥–∏–∏","5"
"üá∫üá∏ –°–®–ê","Paylocity","PCTY","https://t.me/usamarke1/1674",NA,NA,2021-01-12,NA,NA,"–¢–µ—Ö–Ω–æ–ª–æ–≥–∏–∏","–ü—Ä–æ–≥—Ä–∞–º–º–Ω–æ–µ –æ–±–µ—Å–ø–µ—á–µ–Ω–∏–µ - –ø—Ä–∏–ª–æ–∂–µ–Ω–∏—è","4"
"üá∫üá∏ –°–®–ê","Vicor","VICR","https://t.me/usamarke1/2092","https://t.me/usamarke1/2092",NA,2021-04-22,2021-04-22,NA,"–¢–µ—Ö–Ω–æ–ª–æ–≥–∏–∏","–≠–ª–µ–∫—Ç—Ä–æ–Ω–Ω—ã–µ –∫–æ–º–ø–æ–Ω–µ–Ω—Ç—ã","5"
"üá∫üá∏ –°–®–ê","PayPal","PYPL","https://t.me/usamarke1/1183",NA,NA,2020-09-29,NA,NA,"–§–∏–Ω–∞–Ω—Å–æ–≤—ã–π","–ö—Ä–µ–¥–∏—Ç–Ω—ã–µ —É—Å–ª—É–≥–∏","5"
"üá∫üá∏ –°–®–ê","Vimeo","VMEO","https://t.me/usamarke1/2420",NA,"https://t.me/usamarke1/2420",2021-07-07,NA,2021-07-07,"–¢–µ—Ö–Ω–æ–ª–æ–≥–∏–∏","–ü—Ä–æ–≥—Ä–∞–º–º–Ω–æ–µ –æ–±–µ—Å–ø–µ—á–µ–Ω–∏–µ - –ø—Ä–∏–ª–æ–∂–µ–Ω–∏—è","New"
"üá∫üá∏ –°–®–ê","PepsiCo","PEP","https://t.me/usamarke1/2332",NA,NA,2021-06-17,NA,NA,"–ö–æ–Ω—Å–µ—Ä–≤–∞—Ç–∏–≤–Ω—ã–π –ø–æ—Ç—Ä–µ–±–∏—Ç–µ–ª—å—Å–∫–∏–π —Å–µ–∫—Ç–æ—Ä","–ù–∞–ø–∏—Ç–∫–∏ - –±–µ–∑–∞–ª–∫–æ–≥–æ–ª—å–Ω—ã–µ","4"
"üá∫üá∏ –°–®–ê","PetIQ","PETQ","https://t.me/usamarke1/1157",NA,NA,2020-09-22,NA,NA,"–ó–¥—Ä–∞–≤–æ–æ—Ö—Ä–∞–Ω–µ–Ω–∏–µ","–ü—Ä–æ–∏–∑–≤–æ–¥–∏—Ç–µ–ª–∏ –ª–µ–∫–∞—Ä—Å—Ç–≤ - —Å–ø–µ—Ü–∏–∞–ª–∏–∑–∏—Ä–æ–≤–∞–Ω–Ω—ã–µ –∏ –≥–µ–Ω–µ—Ä–∏—á–µ—Å–∫–∏–µ","3"
"üá∫üá∏ –°–®–ê","Pfizer","PFE","https://t.me/usamarke1/1847 ",NA,NA,2021-02-25,NA,NA,"–ó–¥—Ä–∞–≤–æ–æ—Ö—Ä–∞–Ω–µ–Ω–∏–µ","–ü—Ä–æ–∏–∑–≤–æ–¥–∏—Ç–µ–ª–∏ –ª–µ–∫–∞—Ä—Å—Ç–≤ - –æ–±—â–∏–µ","4"
"üá∫üá∏ –°–®–ê","Roku","ROKU","https://t.me/usamarke1/2839",NA,NA,2021-10-04,NA,NA,"–ö–æ–º–º—É–Ω–∏–∫–∞—Ü–∏–æ–Ω–Ω—ã–µ —É—Å–ª—É–≥–∏","–†–∞–∑–≤–ª–µ—á–µ–Ω–∏—è","4"
"üá∫üá∏ –°–®–ê","ViacomCBS","VIAC","https://t.me/usamarke1/2842",NA,NA,2021-10-05,NA,NA,"–ö–æ–º–º—É–Ω–∏–∫–∞—Ü–∏–æ–Ω–Ω—ã–µ —É—Å–ª—É–≥–∏","–†–∞–∑–≤–ª–µ—á–µ–Ω–∏—è","3"
"üá∫üá∏ –°–®–ê","Invitae","NVTA","https://t.me/usamarke1/2845",NA,NA,2021-10-06,NA,NA,"–ó–¥—Ä–∞–≤–æ–æ—Ö—Ä–∞–Ω–µ–Ω–∏–µ","–î–∏–∞–≥–Ω–æ—Å—Ç–∏–∫–∞ –∏ –∏—Å—Å–ª–µ–¥–æ–≤–∞–Ω–∏—è","3"
"üá∫üá∏ –°–®–ê","Nurix Therapeutic","NRIX","https://t.me/usamarke1/2363",NA,"https://t.me/usamarke1/2363",2021-06-24,NA,2021-06-24,"–ó–¥—Ä–∞–≤–æ–æ—Ö—Ä–∞–Ω–µ–Ω–∏–µ","–ë–∏–æ—Ç–µ—Ö–Ω–æ–ª–æ–≥–∏–∏","New"
"üá∫üá∏ –°–®–ê","Nvidia","NVDA","https://t.me/usamarke1/1854",NA,NA,2021-02-27,NA,NA,"–¢–µ—Ö–Ω–æ–ª–æ–≥–∏–∏","–ü–æ–ª—É–ø—Ä–æ–≤–æ–¥–Ω–∏–∫–∏","5"
"üá∫üá∏ –°–®–ê","Poshmark","POSH","https://t.me/usamarke1/2373",NA,"https://t.me/usamarke1/2373",2021-06-25,NA,2021-06-25,"–¶–∏–∫–ª–∏—á–µ—Å–∫–∏–π –ø–æ—Ç—Ä–µ–±–∏—Ç–µ–ª—å—Å–∫–∏–π —Å–µ–∫—Ç–æ—Ä","–†–æ–∑–Ω–∏—á–Ω–∞—è —Ç–æ—Ä–≥–æ–≤–ª—è —á–µ—Ä–µ–∑ –ò–Ω—Ç–µ—Ä–Ω–µ—Ç","New"
"üá∫üá∏ –°–®–ê","Okta","OKTA","https://t.me/usamarke1/1752",NA,NA,2021-02-03,NA,NA,"–¢–µ—Ö–Ω–æ–ª–æ–≥–∏–∏","–ü—Ä–æ–≥—Ä–∞–º–º–Ω–æ–µ –æ–±–µ—Å–ø–µ—á–µ–Ω–∏–µ - –∏–Ω—Ñ—Ä–∞—Å—Ç—Ä—É–∫—Ç—É—Ä–∞","4"
"üá∫üá∏ –°–®–ê","UiPath","PATH","https://t.me/usamarke1/2453",NA,"https://t.me/usamarke1/2453",2021-07-13,NA,2021-07-13,"–¢–µ—Ö–Ω–æ–ª–æ–≥–∏–∏","–ü—Ä–æ–≥—Ä–∞–º–º–Ω–æ–µ –æ–±–µ—Å–ø–µ—á–µ–Ω–∏–µ - –∏–Ω—Ñ—Ä–∞—Å—Ç—Ä—É–∫—Ç—É—Ä–∞","New"
"üá∫üá∏ –°–®–ê","Onto Innovation","ONTO","https://t.me/usamarke1/2187",NA,NA,2021-05-14,NA,NA,"–¢–µ—Ö–Ω–æ–ª–æ–≥–∏–∏","–ü–æ–ª—É–ø—Ä–æ–≤–æ–¥–Ω–∏–∫–∏","5"
"üá∫üá∏ –°–®–ê","Recursion Pharmaceuticals","RXRX","https://t.me/usamarke1/2666",NA,"https://t.me/usamarke1/2666",2021-08-27,NA,2021-08-27,"–ó–¥—Ä–∞–≤–æ–æ—Ö—Ä–∞–Ω–µ–Ω–∏–µ","–ë–∏–æ—Ç–µ—Ö–Ω–æ–ª–æ–≥–∏–∏","New"
"üá∫üá∏ –°–®–ê","Universal Display","OLED","https://t.me/usamarke1/2204","https://t.me/usamarke1/2204",NA,2021-05-19,2021-05-19,NA,"–¢–µ—Ö–Ω–æ–ª–æ–≥–∏–∏","–ü–æ–ª—É–ø—Ä–æ–≤–æ–¥–Ω–∏–∫–æ–≤–æ–µ –æ–±–æ—Ä—É–¥–æ–≤–∞–Ω–∏–µ –∏ –º–∞—Ç–µ—Ä–∏–∞–ª—ã","4"
"üá∫üá∏ –°–®–ê","UPS","UPS","https://t.me/usamarke1/2592",NA,NA,2021-08-10,NA,NA,"–ü—Ä–æ–º—ã—à–ª–µ–Ω–Ω–æ—Å—Ç—å","–ö–æ–º–ø–ª–µ–∫—Å–Ω—ã–µ –≥—Ä—É–∑–æ–ø–µ—Ä–µ–≤–æ–∑–∫–∏ –∏ –ª–æ–≥–∏—Å—Ç–∏–∫–∞","4"
"üá∫üá∏ –°–®–ê","Paccar","PCAR","https://t.me/usamarke1/1996",NA,NA,2021-04-01,NA,NA,"–ü—Ä–æ–º—ã—à–ª–µ–Ω–Ω–æ—Å—Ç—å","–°–µ–ª—å—Å–∫–æ—Ö–æ–∑—è–π—Å—Ç–≤–µ–Ω–Ω–∞—è –∏ —Ç—è–∂–µ–ª–∞—è —Å—Ç—Ä–æ–∏—Ç–µ–ª—å–Ω–∞—è —Ç–µ—Ö–Ω–∏–∫–∞","3"
"üá∫üá∏ –°–®–ê","Pacific Biosciences of California","PACB","https://t.me/usamarke1/2754",NA,"https://t.me/usamarke1/2754",2021-09-15,NA,2021-09-15,"–ó–¥—Ä–∞–≤–æ–æ—Ö—Ä–∞–Ω–µ–Ω–∏–µ","–î–∏–∞–≥–Ω–æ—Å—Ç–∏–∫–∞ –∏ –∏—Å—Å–ª–µ–¥–æ–≤–∞–Ω–∏—è","New"
"üá∫üá∏ –°–®–ê","Trupanion","TRUP","https://t.me/usamarke1/1816",NA,NA,2021-02-19,NA,NA,"–§–∏–Ω–∞–Ω—Å–æ–≤—ã–π","–°—Ç—Ä–∞—Ö–æ–≤–∞–Ω–∏–µ - —Å–ø–µ—Ü–∏–∞–ª–∏–∑–∞—Ü–∏—è","4"
"üá∫üá∏ –°–®–ê","NovoCure Ltd","NVCR","https://t.me/usamarke1/2363",NA,"https://t.me/usamarke1/2363",2021-06-24,NA,2021-06-24,"–ó–¥—Ä–∞–≤–æ–æ—Ö—Ä–∞–Ω–µ–Ω–∏–µ","–ú–µ–¥–∏—Ü–∏–Ω—Å–∫–∏–µ –∏–Ω—Å—Ç—Ä—É–º–µ–Ω—Ç—ã –∏ –ø—Ä–∏–Ω–∞–¥–ª–µ–∂–Ω–æ—Å—Ç–∏","New"
"üá∫üá∏ –°–®–ê","Philip Morris","PM","https://t.me/usamarke1/2155",NA,NA,2021-05-07,NA,NA,"–ö–æ–Ω—Å–µ—Ä–≤–∞—Ç–∏–≤–Ω—ã–π –ø–æ—Ç—Ä–µ–±–∏—Ç–µ–ª—å—Å–∫–∏–π —Å–µ–∫—Ç–æ—Ä","–¢–∞–±–∞–∫","3"
"üá∫üá∏ –°–®–ê","Solid Biosciences","SLDB","https://t.me/usamarke1/2394",NA,"https://t.me/usamarke1/2394",2021-07-01,NA,2021-07-01,"–ó–¥—Ä–∞–≤–æ–æ—Ö—Ä–∞–Ω–µ–Ω–∏–µ","–ü—Ä–æ–∏–∑–≤–æ–¥–∏—Ç–µ–ª–∏ –ª–µ–∫–∞—Ä—Å—Ç–≤ - —Å–ø–µ—Ü–∏–∞–ª–∏–∑–∏—Ä–æ–≤–∞–Ω–Ω—ã–µ –∏ –≥–µ–Ω–µ—Ä–∏—á–µ—Å–∫–∏–µ","New"
"üá∫üá∏ –°–®–ê","Starbucks","SBUX","https://t.me/usamarke1/1920",NA,NA,2021-03-15,NA,NA,"–¶–∏–∫–ª–∏—á–µ—Å–∫–∏–π –ø–æ—Ç—Ä–µ–±–∏—Ç–µ–ª—å—Å–∫–∏–π —Å–µ–∫—Ç–æ—Ä","–†–µ—Å—Ç–æ—Ä–∞–Ω—ã","4"
"üáπüáº –¢–∞–π–≤–∞–Ω—å","TSMC","TSM","https://t.me/usamarke1/591","https://t.me/usamarke1/591",NA,2020-06-15,2020-06-15,NA,"–¢–µ—Ö–Ω–æ–ª–æ–≥–∏–∏","–ü–æ–ª—É–ø—Ä–æ–≤–æ–¥–Ω–∏–∫–∏","5"
"üá´üáÆ –§–∏–Ω–ª—è–Ω–¥–∏—è","Nokia","NOK","https://t.me/usamarke1/1404",NA,NA,2020-11-13,NA,NA,"–¢–µ—Ö–Ω–æ–ª–æ–≥–∏–∏","–û–±–æ—Ä—É–¥–æ–≤–∞–Ω–∏–µ —Å–≤—è–∑–∏","2"
"üá´üá∑ –§—Ä–∞–Ω—Ü–∏—è","Sanofi","SNY","https://t.me/usamarke1/2196",NA,NA,2021-05-17,NA,NA,"–ó–¥—Ä–∞–≤–æ–æ—Ö—Ä–∞–Ω–µ–Ω–∏–µ","–ü—Ä–æ–∏–∑–≤–æ–¥–∏—Ç–µ–ª–∏ –ª–µ–∫–∞—Ä—Å—Ç–≤ - –æ–±—â–∏–µ","3"
"üá®üá≠ –®–≤–µ–π—Ü–∞—Ä–∏—è","Logitech International S.A.","LOGI","https://t.me/usamarke1/2727",NA,"https://t.me/usamarke1/2727",2021-09-08,NA,2021-09-08,"–¢–µ—Ö–Ω–æ–ª–æ–≥–∏–∏","–ö–æ–º–ø—å—é—Ç–µ—Ä–Ω–æ–µ –æ–±–æ—Ä—É–¥–æ–≤–∞–Ω–∏–µ","New"
"üá®üá≠ –®–≤–µ–π—Ü–∞—Ä–∏—è","Garmin","GRMN","https://t.me/usamarke1/913","https://t.me/usamarke1/913",NA,2020-08-05,2020-08-05,NA,"–¢–µ—Ö–Ω–æ–ª–æ–≥–∏–∏","–ù–∞—É—á–Ω—ã–µ –∏ —Ç–µ—Ö–Ω–∏—á–µ—Å–∫–∏–µ –ø—Ä–∏–±–æ—Ä—ã","4"
"üá®üá≠ –®–≤–µ–π—Ü–∞—Ä–∏—è","CRISPR Therapeutics","CRSP","https://t.me/usamarke1/2523",NA,"https://t.me/usamarke1/2445",2021-07-28,NA,2021-07-12,"–ó–¥—Ä–∞–≤–æ–æ—Ö—Ä–∞–Ω–µ–Ω–∏–µ","–ë–∏–æ—Ç–µ—Ö–Ω–æ–ª–æ–≥–∏–∏","4"
"üá®üá≠ –®–≤–µ–π—Ü–∞—Ä–∏—è","UBS Group AG.","UBS","https://t.me/usamarke1/2748",NA,"https://t.me/usamarke1/2748",2021-09-14,NA,2021-09-14,"–§–∏–Ω–∞–Ω—Å–æ–≤—ã–π","–ë–∞–Ω–∫–∏ - –¥–∏–≤–µ—Ä—Å–∏—Ñ–∏—Ü–∏—Ä–æ–≤–∞–Ω–Ω—ã–µ","New"
"üá®üá≠ –®–≤–µ–π—Ü–∞—Ä–∏—è","Novartis","NVS","https://t.me/usamarke1/2000",NA,NA,2021-04-02,NA,NA,"–ó–¥—Ä–∞–≤–æ–æ—Ö—Ä–∞–Ω–µ–Ω–∏–µ","–ü—Ä–æ–∏–∑–≤–æ–¥–∏—Ç–µ–ª–∏ –ª–µ–∫–∞—Ä—Å—Ç–≤ - –æ–±—â–∏–µ","3"
"üá∞üá∑ –Æ–∂–Ω–∞—è –ö–æ—Ä–µ—è","Coupang","CPNG","https://t.me/usamarke1/2264",NA,NA,2021-06-01,NA,NA,"–¶–∏–∫–ª–∏—á–µ—Å–∫–∏–π –ø–æ—Ç—Ä–µ–±–∏—Ç–µ–ª—å—Å–∫–∏–π —Å–µ–∫—Ç–æ—Ä","–†–æ–∑–Ω–∏—á–Ω–∞—è —Ç–æ—Ä–≥–æ–≤–ª—è —á–µ—Ä–µ–∑ –ò–Ω—Ç–µ—Ä–Ω–µ—Ç","4"
"üáØüáµ –Ø–ø–æ–Ω–∏—è","Takeda Pharmaceutical","TAK","https://t.me/usamarke1/2781",NA,NA,2021-09-21,NA,NA,"–ó–¥—Ä–∞–≤–æ–æ—Ö—Ä–∞–Ω–µ–Ω–∏–µ","–ü—Ä–æ–∏–∑–≤–æ–¥–∏—Ç–µ–ª–∏ –ª–µ–∫–∞—Ä—Å—Ç–≤ - —Å–ø–µ—Ü–∏–∞–ª–∏–∑–∏—Ä–æ–≤–∞–Ω–Ω—ã–µ –∏ –≥–µ–Ω–µ—Ä–∏—á–µ—Å–∫–∏–µ","3"
"üáØüáµ –Ø–ø–æ–Ω–∏—è","Sony","SONY","https://t.me/usamarke1/2039",NA,NA,2021-04-09,NA,NA,"–¢–µ—Ö–Ω–æ–ª–æ–≥–∏–∏","–ü–æ—Ç—Ä–µ–±–∏—Ç–µ–ª—å—Å–∫–∞—è —ç–ª–µ–∫—Ç—Ä–æ–Ω–∏–∫–∞","3"
"üáØüáµ –Ø–ø–æ–Ω–∏—è","Toyota","TM","https://t.me/usamarke1/1927 ",NA,NA,2021-03-16,NA,NA,"–¶–∏–∫–ª–∏—á–µ—Å–∫–∏–π –ø–æ—Ç—Ä–µ–±–∏—Ç–µ–ª—å—Å–∫–∏–π —Å–µ–∫—Ç–æ—Ä","–ê–≤—Ç–æ–ø—Ä–æ–∏–∑–≤–æ–¥–∏—Ç–µ–ª–∏","3"
